Date,Open,High,Low,Close,Volume
2010-01-04,30.620001,31.1,30.59,30.950001,38409100.0
2010-01-05,30.85,31.1,30.639999,30.959999,49749600.0
2010-01-06,30.879999,31.08,30.52,30.77,58182400.0
2010-01-07,30.629999,30.700001,30.190001,30.450001,50559700.0
2010-01-08,30.280001,30.879999,30.24,30.66,51197400.0
2010-01-11,30.709999,30.76,30.120001,30.27,68754700.0
2010-01-12,30.15,30.4,29.91,30.07,65912100.0
2010-01-13,30.26,30.52,30.01,30.35,51863500.0
2010-01-14,30.309999,31.1,30.26,30.959999,63228100.0
2010-01-15,31.08,31.24,30.709999,30.860001,79913200.0
2010-01-19,30.75,31.24,30.68,31.1,46575700.0
2010-01-20,30.809999,30.940001,30.309999,30.59,54849500.0
2010-01-21,30.610001,30.719999,30.0,30.01,73086700.0
2010-01-22,30.0,30.200001,28.84,28.959999,102004600.0
2010-01-25,29.24,29.66,29.1,29.32,63373000.0
2010-01-26,29.200001,29.85,29.09,29.5,66639900.0
2010-01-27,29.35,29.82,29.02,29.67,63949500.0
2010-01-28,29.84,29.870001,28.889999,29.16,117513700.0
2010-01-29,29.9,29.92,27.66,28.18,193888500.0
2010-02-01,28.389999,28.48,27.92,28.41,85931100.0
2010-02-02,28.370001,28.5,28.139999,28.459999,54413700.0
2010-02-03,28.26,28.790001,28.120001,28.629999,61397900.0
2010-02-04,28.379999,28.5,27.809999,27.84,77850000.0
2010-02-05,28.0,28.280001,27.57,28.02,80960100.0
2010-02-08,28.01,28.08,27.57,27.719999,52820600.0
2010-02-09,27.969999,28.34,27.75,28.01,59195800.0
2010-02-10,28.030001,28.24,27.84,27.99,48591300.0
2010-02-11,27.93,28.4,27.700001,28.120001,65993700.0
2010-02-12,27.809999,28.059999,27.58,27.93,81117200.0
2010-02-16,28.129999,28.370001,28.02,28.35,51935600.0
2010-02-17,28.530001,28.65,28.360001,28.59,45882900.0
2010-02-18,28.59,29.030001,28.51,28.969999,42856500.0
2010-02-19,28.790001,28.92,28.690001,28.77,44451800.0
2010-02-22,28.84,28.940001,28.65,28.73,36707100.0
2010-02-23,28.68,28.83,28.09,28.33,52266200.0
2010-02-24,28.52,28.790001,28.379999,28.629999,43165900.0
2010-02-25,28.27,28.65,28.02,28.6,48735300.0
2010-02-26,28.65,28.85,28.51,28.67,40370600.0
2010-03-01,28.77,29.049999,28.530001,29.02,43805400.0
2010-03-02,29.08,29.299999,28.24,28.459999,93123900.0
2010-03-03,28.51,28.610001,28.35,28.459999,48442100.0
2010-03-04,28.459999,28.65,28.27,28.629999,42890600.0
2010-03-05,28.66,28.68,28.42,28.59,56001800.0
2010-03-08,28.52,28.93,28.5,28.629999,39414500.0
2010-03-09,28.559999,29.110001,28.549999,28.799999,50271600.0
2010-03-10,28.860001,29.110001,28.799999,28.969999,44891400.0
2010-03-11,28.889999,29.190001,28.85,29.18,35349700.0
2010-03-12,29.32,29.379999,29.040001,29.27,31700200.0
2010-03-15,29.18,29.370001,29.01,29.290001,37512000.0
2010-03-16,29.42,29.49,29.200001,29.370001,36723500.0
2010-03-17,29.5,29.870001,29.4,29.629999,50385700.0
2010-03-18,29.629999,29.719999,29.5,29.610001,43845200.0
2010-03-19,29.76,29.9,29.35,29.59,81332100.0
2010-03-22,29.5,29.700001,29.389999,29.6,37718200.0
2010-03-23,29.59,29.9,29.41,29.879999,42026600.0
2010-03-24,29.719999,29.85,29.6,29.65,33987700.0
2010-03-25,29.83,30.57,29.799999,30.01,73168700.0
2010-03-26,30.09,30.200001,29.59,29.66,55595500.0
2010-03-29,29.709999,29.82,29.549999,29.59,33336000.0
2010-03-30,29.629999,29.860001,29.5,29.77,34954800.0
2010-03-31,29.639999,29.719999,29.17,29.290001,63760000.0
2010-04-01,29.35,29.540001,28.620001,29.16,74768100.0
2010-04-05,29.129999,29.43,29.030001,29.27,34331200.0
2010-04-06,29.15,29.58,28.98,29.32,47366800.0
2010-04-07,29.16,29.559999,29.139999,29.35,58318800.0
2010-04-08,29.32,29.98,29.299999,29.92,63713800.0
2010-04-09,29.950001,30.41,29.9,30.34,54752500.0
2010-04-12,30.25,30.49,30.209999,30.32,37068800.0
2010-04-13,30.15,30.5,30.129999,30.450001,41374600.0
2010-04-14,30.790001,31.0,30.66,30.82,68941200.0
2010-04-15,30.82,30.950001,30.709999,30.870001,52745400.0
2010-04-16,30.790001,30.98,30.6,30.67,88703100.0
2010-04-19,30.77,31.25,30.76,31.040001,64970300.0
2010-04-20,31.219999,31.440001,31.129999,31.360001,52199500.0
2010-04-21,31.33,31.5,31.23,31.33,55343100.0
2010-04-22,31.040001,31.530001,30.9,31.389999,84847600.0
2010-04-23,31.120001,31.58,30.65,30.959999,126766600.0
2010-04-26,31.0,31.280001,30.860001,31.110001,63649300.0
2010-04-27,30.950001,31.25,30.75,30.85,68730900.0
2010-04-28,30.92,31.0,30.620001,30.91,64557900.0
2010-04-29,30.93,31.43,30.67,31.0,52665200.0
2010-04-30,31.07,31.08,30.52,30.540001,63214800.0
2010-05-03,30.67,31.059999,30.58,30.860001,43989500.0
2010-05-04,30.52,30.549999,29.75,30.129999,82085600.0
2010-05-05,29.77,30.09,29.690001,29.85,66833800.0
2010-05-06,29.59,29.879999,27.91,28.98,128613000.0
2010-05-07,28.93,28.950001,27.32,28.209999,173718100.0
2010-05-10,29.01,29.48,28.709999,28.940001,86653300.0
2010-05-11,28.68,29.65,28.57,28.879999,63789400.0
2010-05-12,28.98,29.58,28.92,29.440001,47146800.0
2010-05-13,29.26,29.73,29.18,29.24,45188800.0
2010-05-14,29.200001,29.209999,28.639999,28.93,63334000.0
2010-05-17,29.120001,29.23,28.450001,28.940001,46053300.0
2010-05-18,28.870001,29.0,28.4,28.6,52690600.0
2010-05-19,28.52,28.690001,27.790001,28.24,61746700.0
2010-05-20,27.65,27.84,27.040001,27.110001,87991100.0
2010-05-21,26.629999,27.110001,26.440001,26.84,117596300.0
2010-05-24,26.85,26.860001,26.26,26.27,73711700.0
2010-05-25,25.65,26.33,25.379999,26.07,98373600.0
2010-05-26,26.23,26.610001,24.559999,25.01,176684100.0
2010-05-27,25.73,26.360001,25.73,26.0,136433600.0
2010-05-28,25.84,26.120001,25.66,25.799999,67496900.0
2010-06-01,25.530001,26.309999,25.52,25.889999,76152400.0
2010-06-02,26.059999,26.48,25.73,26.459999,65718800.0
2010-06-03,26.549999,26.93,26.41,26.860001,67837000.0
2010-06-04,26.1,26.57,25.620001,25.790001,89832200.0
2010-06-07,25.82,25.83,25.24,25.290001,80456200.0
2010-06-08,25.25,25.26,24.65,25.110001,87355000.0
2010-06-09,25.219999,25.52,24.75,24.790001,87794000.0
2010-06-10,25.129999,25.15,24.780001,25.0,78930900.0
2010-06-11,25.040001,25.719999,24.77,25.66,68057700.0
2010-06-14,25.860001,25.959999,25.469999,25.5,50972400.0
2010-06-15,25.75,26.65,25.74,26.58,81641500.0
2010-06-16,26.469999,26.58,26.23,26.32,48698000.0
2010-06-17,26.559999,26.67,26.040001,26.370001,47995500.0
2010-06-18,26.370001,26.530001,26.17,26.440001,52075600.0
2010-06-21,26.780001,26.889999,25.889999,25.950001,54625300.0
2010-06-22,26.16,26.450001,25.76,25.77,55985400.0
2010-06-23,25.780001,25.780001,25.219999,25.309999,61466200.0
2010-06-24,25.459999,25.719999,24.93,25.0,85243400.0
2010-06-25,25.049999,25.110001,24.309999,24.530001,156256700.0
2010-06-28,24.51,24.610001,24.120001,24.309999,73784800.0
2010-06-29,24.129999,24.200001,23.110001,23.309999,119882100.0
2010-06-30,23.299999,23.68,22.950001,23.01,81050500.0
2010-07-01,23.09,23.32,22.73,23.16,92239400.0
2010-07-02,23.360001,23.48,23.049999,23.27,62485100.0
2010-07-06,23.700001,24.09,23.58,23.82,73592000.0
2010-07-07,23.82,24.32,23.610001,24.299999,79965300.0
2010-07-08,24.6,24.620001,23.969999,24.41,50758100.0
2010-07-09,24.33,24.41,24.15,24.27,53806100.0
2010-07-12,24.43,24.889999,24.42,24.83,49854200.0
2010-07-13,25.139999,25.299999,24.9,25.129999,61928700.0
2010-07-14,25.5,25.610001,25.120001,25.440001,72808100.0
2010-07-15,25.5,25.59,24.98,25.51,56934700.0
2010-07-16,25.51,25.639999,24.879999,24.889999,65064800.0
2010-07-19,24.959999,25.299999,24.91,25.23,38181800.0
2010-07-20,24.860001,25.48,24.700001,25.48,45530700.0
2010-07-21,25.6,25.65,24.98,25.120001,73297300.0
2010-07-22,25.51,25.99,25.469999,25.84,73016400.0
2010-07-23,25.84,26.02,25.25,25.809999,108520100.0
2010-07-26,25.860001,26.200001,25.799999,26.1,67249900.0
2010-07-27,26.139999,26.24,25.959999,26.16,60672100.0
2010-07-28,26.07,26.190001,25.83,25.950001,69704800.0
2010-07-29,26.129999,26.41,25.6,26.030001,69446200.0
2010-07-30,25.75,25.84,25.35,25.809999,83534800.0
2010-08-02,25.99,26.379999,25.75,26.33,55044600.0
2010-08-03,26.200001,26.35,25.969999,26.16,56877700.0
2010-08-04,26.15,26.24,25.440001,25.73,78531900.0
2010-08-05,25.49,25.58,25.209999,25.370001,64922100.0
2010-08-06,25.18,25.559999,25.02,25.549999,55982100.0
2010-08-09,25.549999,25.73,25.370001,25.610001,57096500.0
2010-08-10,25.33,25.34,24.879999,25.07,87257700.0
2010-08-11,24.68,24.9,24.559999,24.860001,76746900.0
2010-08-12,24.42,24.68,24.360001,24.49,70240500.0
2010-08-13,24.35,24.67,24.24,24.4,45263500.0
2010-08-16,24.360001,24.610001,24.299999,24.5,40909700.0
2010-08-17,24.709999,24.959999,24.6,24.709999,52912600.0
2010-08-18,24.68,24.950001,24.41,24.82,46818900.0
2010-08-19,24.620001,24.74,24.209999,24.440001,54064600.0
2010-08-20,24.309999,24.4,24.200001,24.23,49560100.0
2010-08-23,24.440001,24.639999,24.24,24.280001,51643000.0
2010-08-24,24.09,24.35,24.0,24.040001,66522500.0
2010-08-25,24.0,24.219999,23.870001,24.1,47404800.0
2010-08-26,24.09,24.190001,23.790001,23.82,49105300.0
2010-08-27,23.879999,24.02,23.51,23.93,60939400.0
2010-08-30,23.74,23.82,23.6,23.639999,45453100.0
2010-08-31,23.6,23.73,23.32,23.469999,66074600.0
2010-09-01,23.67,23.950001,23.540001,23.9,65235900.0
2010-09-02,23.879999,23.950001,23.709999,23.940001,48837100.0
2010-09-03,24.24,24.450001,24.200001,24.290001,64189100.0
2010-09-07,24.1,24.299999,23.92,23.959999,51928700.0
2010-09-08,24.07,24.200001,23.74,23.93,65512400.0
2010-09-09,24.190001,24.209999,23.99,24.01,46028900.0
2010-09-10,23.98,24.030001,23.790001,23.85,58284300.0
2010-09-13,24.200001,25.290001,24.09,25.110001,114680400.0
2010-09-14,25.040001,25.35,24.889999,25.030001,87160400.0
2010-09-15,25.1,25.219999,24.92,25.120001,56201900.0
2010-09-16,25.059999,25.370001,25.049999,25.33,44548300.0
2010-09-17,25.4,25.530001,25.08,25.219999,70341600.0
2010-09-20,25.280001,25.52,25.110001,25.43,49838700.0
2010-09-21,25.42,25.42,25.08,25.15,52675700.0
2010-09-22,24.889999,24.969999,24.360001,24.610001,94299400.0
2010-09-23,24.51,24.59,24.360001,24.43,46201800.0
2010-09-24,24.639999,24.799999,24.58,24.780001,51948800.0
2010-09-27,24.85,24.99,24.59,24.73,43603300.0
2010-09-28,24.799999,24.9,24.35,24.68,56041200.0
2010-09-29,24.629999,24.66,24.4,24.5,44318900.0
2010-09-30,24.610001,24.83,24.360001,24.49,61262700.0
2010-10-01,24.77,24.82,24.299999,24.379999,62672300.0
2010-10-04,23.959999,23.99,23.780001,23.91,98143400.0
2010-10-05,24.059999,24.450001,23.91,24.35,78152900.0
2010-10-06,24.32,24.540001,24.129999,24.43,50489700.0
2010-10-07,24.620001,24.75,24.280001,24.530001,50096100.0
2010-10-08,24.620001,24.65,24.370001,24.57,41327800.0
2010-10-11,24.74,24.74,24.5,24.59,27587800.0
2010-10-12,24.65,24.93,24.43,24.83,50141500.0
2010-10-13,25.02,25.540001,24.889999,25.34,75336500.0
2010-10-14,25.290001,25.34,25.0,25.23,51949100.0
2010-10-15,25.360001,25.549999,25.23,25.540001,68954800.0
2010-10-18,25.59,25.950001,25.450001,25.82,48330500.0
2010-10-19,25.27,25.370001,24.950001,25.1,66150900.0
2010-10-20,25.26,25.4,25.1,25.309999,56283600.0
2010-10-21,25.4,25.540001,25.049999,25.42,50032400.0
2010-10-22,25.52,25.540001,25.27,25.379999,25837900.0
2010-10-25,25.24,25.35,25.17,25.190001,50912400.0
2010-10-26,25.120001,25.969999,25.059999,25.9,69304200.0
2010-10-27,25.790001,26.110001,25.620001,26.049999,64805500.0
2010-10-28,26.209999,26.379999,25.92,26.280001,80730300.0
2010-10-29,27.15,27.200001,26.48,26.67,114193200.0
2010-11-01,26.879999,27.219999,26.700001,26.950001,61912100.0
2010-11-02,27.059999,27.42,27.02,27.389999,54402100.0
2010-11-03,27.459999,27.49,26.959999,27.030001,110255300.0
2010-11-04,27.41,27.43,27.01,27.139999,93599300.0
2010-11-05,27.17,27.190001,26.530001,26.85,110953700.0
2010-11-08,26.68,28.870001,26.58,26.809999,71670800.0
2010-11-09,26.809999,27.110001,26.709999,26.950001,58538600.0
2010-11-10,27.01,27.08,26.809999,26.940001,52277300.0
2010-11-11,26.68,26.719999,26.280001,26.68,62073100.0
2010-11-12,26.469999,26.52,26.1,26.27,64962200.0
2010-11-15,26.33,26.5,26.17,26.200001,51794600.0
2010-11-16,26.040001,26.040001,25.65,25.809999,65339200.0
2010-11-17,25.9,25.91,25.549999,25.57,58299700.0
2010-11-18,25.709999,26.08,25.610001,25.84,59514000.0
2010-11-19,25.799999,25.83,25.6,25.690001,52423200.0
2010-11-22,25.65,25.74,25.440001,25.73,53350500.0
2010-11-23,25.57,25.6,25.09,25.120001,69742500.0
2010-11-24,25.200001,25.459999,25.16,25.370001,56825900.0
2010-11-26,25.209999,25.41,25.17,25.25,21356500.0
2010-11-29,25.190001,25.42,24.93,25.309999,56603600.0
2010-11-30,25.049999,25.469999,25.0,25.26,75282100.0
2010-12-01,25.57,26.25,25.559999,26.040001,74123500.0
2010-12-02,26.24,26.98,26.200001,26.889999,91759200.0
2010-12-03,26.809999,27.059999,26.780001,27.02,52622000.0
2010-12-06,26.93,26.98,26.76,26.84,36264200.0
2010-12-07,27.08,27.129999,26.85,26.870001,57860500.0
2010-12-08,26.83,27.24,26.799999,27.23,41666800.0
2010-12-09,27.280001,27.34,27.01,27.08,47148300.0
2010-12-10,27.190001,27.4,27.110001,27.34,37625800.0
2010-12-13,27.27,27.450001,27.17,27.25,47943900.0
2010-12-14,27.309999,27.75,27.26,27.620001,64070500.0
2010-12-15,27.530001,27.99,27.530001,27.85,69634200.0
2010-12-16,27.76,27.99,27.66,27.99,57680200.0
2010-12-17,27.92,28.09,27.75,27.9,87456500.0
2010-12-20,27.950001,27.99,27.68,27.809999,52811000.0
2010-12-21,27.85,28.139999,27.76,28.07,38153000.0
2010-12-22,28.01,28.4,27.98,28.190001,42252300.0
2010-12-23,27.969999,28.32,27.959999,28.299999,24902500.0
2010-12-27,28.120001,28.200001,27.879999,28.07,21652800.0
2010-12-28,27.969999,28.17,27.959999,28.01,23042200.0
2010-12-29,27.940001,28.120001,27.879999,27.969999,19502500.0
2010-12-30,27.92,28.0,27.780001,27.85,20786100.0
2010-12-31,27.799999,27.92,27.629999,27.91,24752000.0
2011-01-03,28.049999,28.18,27.92,27.98,53443800.0
2011-01-04,27.940001,28.17,27.85,28.09,54405600.0
2011-01-05,27.9,28.01,27.77,28.0,58998700.0
2011-01-06,28.040001,28.85,27.860001,28.82,88026300.0
2011-01-07,28.639999,28.74,28.25,28.6,73762000.0
2011-01-10,28.26,28.4,28.040001,28.219999,57573600.0
2011-01-11,28.200001,28.25,28.049999,28.110001,50298900.0
2011-01-12,28.120001,28.59,28.07,28.549999,52631100.0
2011-01-13,28.33,28.389999,28.01,28.190001,67077600.0
2011-01-14,28.08,28.379999,27.91,28.299999,62688400.0
2011-01-18,28.16,28.74,28.139999,28.66,53322700.0
2011-01-19,28.459999,28.68,28.27,28.469999,50005900.0
2011-01-20,28.5,28.549999,28.129999,28.35,58613600.0
2011-01-21,28.4,28.43,28.02,28.02,58080300.0
2011-01-24,28.02,28.559999,27.99,28.379999,52047800.0
2011-01-25,28.139999,28.450001,28.120001,28.450001,42436600.0
2011-01-26,28.51,28.99,28.5,28.780001,74628800.0
2011-01-27,28.75,29.459999,28.49,28.870001,146938600.0
2011-01-28,28.9,28.93,27.450001,27.75,141249400.0
2011-01-31,27.77,27.9,27.42,27.73,65029000.0
2011-02-01,27.799999,28.059999,27.610001,27.99,62810700.0
2011-02-02,27.93,28.110001,27.879999,27.940001,45824000.0
2011-02-03,27.969999,27.969999,27.540001,27.65,60340100.0
2011-02-04,27.700001,27.84,27.51,27.77,40412200.0
2011-02-07,27.799999,28.34,27.790001,28.200001,68980900.0
2011-02-08,28.1,28.34,28.049999,28.280001,34904200.0
2011-02-09,28.190001,28.26,27.91,27.969999,52905100.0
2011-02-10,27.93,27.940001,27.290001,27.5,76672400.0
2011-02-11,27.76,27.809999,27.07,27.25,83939700.0
2011-02-14,27.209999,27.27,26.950001,27.23,56766200.0
2011-02-15,27.040001,27.33,26.950001,26.959999,44116500.0
2011-02-16,27.049999,27.07,26.6,27.02,70817900.0
2011-02-17,26.969999,27.370001,26.91,27.209999,57207300.0
2011-02-18,27.129999,27.209999,26.99,27.059999,68667800.0
2011-02-22,26.780001,27.1,26.52,26.59,60889000.0
2011-02-23,26.530001,26.860001,26.43,26.59,60234100.0
2011-02-24,26.639999,27.059999,26.5,26.77,64494200.0
2011-02-25,26.91,26.950001,26.5,26.549999,53006300.0
2011-02-28,26.690001,26.860001,26.51,26.58,51379900.0
2011-03-01,26.6,26.780001,26.15,26.16,60055000.0
2011-03-02,26.110001,26.370001,26.040001,26.08,48658200.0
2011-03-03,26.26,26.4,26.18,26.200001,68271500.0
2011-03-04,26.219999,26.24,25.799999,25.950001,70437200.0
2011-03-07,26.129999,26.27,25.549999,25.719999,64980400.0
2011-03-08,25.77,26.02,25.65,25.91,50549800.0
2011-03-09,25.809999,25.98,25.66,25.889999,39789100.0
2011-03-10,25.620001,25.709999,25.35,25.41,66549500.0
2011-03-11,25.41,25.85,25.360001,25.68,49905800.0
2011-03-14,25.49,25.76,25.35,25.690001,54473400.0
2011-03-15,25.08,25.469999,25.0,25.389999,76067300.0
2011-03-16,25.219999,25.280001,24.68,24.790001,100725400.0
2011-03-17,25.059999,25.219999,24.75,24.780001,62497000.0
2011-03-18,25.059999,25.18,24.799999,24.799999,85486700.0
2011-03-21,25.18,25.58,25.15,25.33,46878100.0
2011-03-22,25.299999,25.459999,25.23,25.299999,30895600.0
2011-03-23,25.23,25.610001,25.18,25.540001,43969000.0
2011-03-24,25.6,25.870001,25.5,25.809999,38696700.0
2011-03-25,25.93,25.950001,25.59,25.620001,57029800.0
2011-03-28,25.66,25.719999,25.379999,25.41,48973200.0
2011-03-29,25.34,25.52,25.299999,25.49,40763500.0
2011-03-30,25.6,25.719999,25.5,25.610001,41999300.0
2011-03-31,25.6,25.68,25.34,25.389999,63233700.0
2011-04-01,25.530001,25.530001,25.309999,25.48,63114200.0
2011-04-04,25.450001,25.66,25.41,25.549999,35433700.0
2011-04-05,25.82,26.18,25.74,25.780001,73651100.0
2011-04-06,25.98,26.309999,25.860001,26.15,65581400.0
2011-04-07,26.190001,26.26,25.969999,26.200001,46134700.0
2011-04-08,26.17,26.280001,25.959999,26.07,39887600.0
2011-04-11,26.190001,26.25,25.799999,25.98,34286300.0
2011-04-12,25.83,25.85,25.549999,25.639999,36920400.0
2011-04-13,25.65,25.870001,25.559999,25.629999,38144700.0
2011-04-14,25.42,25.440001,25.09,25.42,55239900.0
2011-04-15,25.459999,25.559999,25.18,25.370001,65080400.0
2011-04-18,25.1,25.280001,24.719999,25.08,58045100.0
2011-04-19,25.0,25.17,24.870001,25.15,38892400.0
2011-04-20,25.540001,26.0,25.51,25.76,61608600.0
2011-04-21,25.790001,25.889999,25.360001,25.52,46892300.0
2011-04-25,25.559999,25.620001,25.34,25.610001,33525100.0
2011-04-26,25.74,26.440001,25.67,26.190001,69200000.0
2011-04-27,26.299999,26.389999,26.129999,26.379999,52689000.0
2011-04-28,26.459999,26.870001,26.4,26.709999,80200000.0
2011-04-29,26.549999,26.639999,25.360001,25.92,319317900.0
2011-05-02,25.940001,26.0,25.48,25.66,89825600.0
2011-05-03,25.6,25.85,25.49,25.809999,71892900.0
2011-05-04,25.85,26.25,25.790001,26.059999,73292300.0
2011-05-05,26.049999,26.08,25.68,25.790001,55600000.0
2011-05-06,26.07,26.219999,25.75,25.870001,55993000.0
2011-05-09,25.799999,25.959999,25.67,25.83,38696400.0
2011-05-10,25.379999,25.85,25.25,25.67,120798700.0
2011-05-11,25.65,25.66,25.209999,25.360001,78600000.0
2011-05-12,25.35,25.389999,25.1,25.32,77400000.0
2011-05-13,25.280001,25.32,24.950001,25.030001,66812300.0
2011-05-16,24.959999,25.07,24.5,24.57,91350900.0
2011-05-17,24.4,24.700001,24.27,24.52,82882100.0
2011-05-18,24.530001,24.74,24.25,24.690001,53931100.0
2011-05-19,24.85,24.879999,24.5,24.719999,37783600.0
2011-05-20,24.719999,24.870001,24.440001,24.49,45451500.0
2011-05-23,24.209999,24.25,24.030001,24.17,52692500.0
2011-05-24,24.200001,24.290001,24.040001,24.15,47691800.0
2011-05-25,24.17,24.309999,24.16,24.190001,34904200.0
2011-05-26,24.35,25.030001,24.32,24.67,78016600.0
2011-05-27,24.68,24.9,24.65,24.76,50251000.0
2011-05-31,24.959999,25.059999,24.700001,25.01,60196300.0
2011-06-01,24.99,25.1,24.370001,24.43,74033500.0
2011-06-02,24.49,24.65,24.18,24.219999,51487800.0
2011-06-03,24.049999,24.139999,23.84,23.91,60697700.0
2011-06-06,23.889999,24.25,23.77,24.01,54778700.0
2011-06-07,24.09,24.17,23.9,24.059999,41112600.0
2011-06-08,23.9,24.02,23.860001,23.940001,42205000.0
2011-06-09,24.01,24.040001,23.82,23.959999,42878700.0
2011-06-10,24.02,24.02,23.690001,23.709999,49327200.0
2011-06-13,23.790001,24.190001,23.700001,24.040001,47572500.0
2011-06-14,24.299999,24.450001,24.190001,24.219999,42894500.0
2011-06-15,24.0,24.01,23.67,23.74,49410200.0
2011-06-16,23.75,24.1,23.65,24.0,57184100.0
2011-06-17,24.219999,24.299999,23.98,24.26,83320400.0
2011-06-20,24.17,24.66,24.16,24.469999,54338400.0
2011-06-21,24.52,24.860001,24.4,24.76,49708700.0
2011-06-22,24.6,24.809999,24.59,24.65,44287300.0
2011-06-23,24.440001,24.65,24.200001,24.629999,59470400.0
2011-06-24,24.51,24.540001,24.190001,24.299999,101387200.0
2011-06-27,24.23,25.459999,24.23,25.200001,92044200.0
2011-06-28,25.299999,25.92,25.16,25.799999,81032100.0
2011-06-29,25.709999,25.709999,25.360001,25.620001,66051000.0
2011-06-30,25.74,26.0,25.66,26.0,52535400.0
2011-07-01,25.93,26.17,25.84,26.02,52906200.0
2011-07-05,26.1,26.15,25.9,26.030001,37805300.0
2011-07-06,25.969999,26.370001,25.959999,26.33,48744200.0
2011-07-07,26.49,26.879999,26.360001,26.77,51946500.0
2011-07-08,26.540001,26.98,26.51,26.92,58320700.0
2011-07-11,26.620001,26.799999,26.49,26.629999,43999800.0
2011-07-12,26.549999,26.790001,26.34,26.540001,47319300.0
2011-07-13,26.6,26.959999,26.51,26.629999,40861800.0
2011-07-14,26.620001,27.01,26.360001,26.469999,46382300.0
2011-07-15,26.469999,26.93,26.469999,26.780001,49132400.0
2011-07-18,26.629999,26.9,26.26,26.59,44501900.0
2011-07-19,26.809999,27.639999,26.780001,27.540001,86730600.0
2011-07-20,27.280001,27.35,26.98,27.059999,49795400.0
2011-07-21,27.040001,27.309999,26.65,27.1,81737400.0
2011-07-22,26.860001,27.549999,26.68,27.530001,76380600.0
2011-07-25,27.26,28.09,27.190001,27.91,108482400.0
2011-07-26,27.82,28.15,27.780001,28.08,74636500.0
2011-07-27,27.879999,27.99,27.200001,27.33,71488700.0
2011-07-28,27.290001,28.07,27.209999,27.719999,83761400.0
2011-07-29,27.52,27.709999,27.26,27.4,104394800.0
2011-08-01,27.51,27.690001,26.75,27.27,61838400.0
2011-08-02,26.98,27.450001,26.76,26.799999,63883100.0
2011-08-03,26.83,27.0,26.48,26.92,64581200.0
2011-08-04,26.530001,26.870001,25.93,25.940001,92949500.0
2011-08-05,25.969999,26.1,25.23,25.68,112071700.0
2011-08-08,25.02,25.6,24.389999,24.48,134257200.0
2011-08-09,24.709999,25.620001,24.030001,25.58,126268900.0
2011-08-10,24.950001,25.09,24.1,24.200001,127819900.0
2011-08-11,24.5,25.379999,24.4,25.190001,90690100.0
2011-08-12,25.129999,25.34,24.65,25.1,64787100.0
2011-08-15,25.24,25.58,25.15,25.51,56529400.0
2011-08-16,25.219999,25.59,25.049999,25.35,54251500.0
2011-08-17,25.25,25.700001,24.93,25.25,50923700.0
2011-08-18,24.57,25.09,24.030001,24.67,105714200.0
2011-08-19,24.41,24.620001,23.91,24.049999,77397900.0
2011-08-22,24.42,24.49,23.790001,23.98,54721000.0
2011-08-23,24.030001,24.75,24.030001,24.719999,59670600.0
2011-08-24,24.65,24.93,24.42,24.9,45329700.0
2011-08-25,25.08,25.16,24.5,24.57,48192000.0
2011-08-26,24.51,25.34,24.42,25.25,71957000.0
2011-08-29,25.530001,25.860001,25.370001,25.84,38863200.0
2011-08-30,25.73,26.43,25.700001,26.23,57341400.0
2011-08-31,26.290001,26.709999,26.26,26.6,59300800.0
2011-09-01,26.459999,26.860001,26.209999,26.209999,60510800.0
2011-09-02,25.780001,26.0,25.66,25.799999,43894400.0
2011-09-06,25.200001,25.59,25.110001,25.51,54929300.0
2011-09-07,25.690001,26.0,25.57,26.0,41961000.0
2011-09-08,26.0,26.66,25.950001,26.219999,65811900.0
2011-09-09,26.0,26.18,25.5,25.74,64529200.0
2011-09-12,25.440001,25.93,25.27,25.889999,55046100.0
2011-09-13,25.92,26.190001,25.809999,26.040001,48792300.0
2011-09-14,26.17,26.799999,25.889999,26.5,66739200.0
2011-09-15,26.73,27.030001,26.309999,26.99,67808300.0
2011-09-16,27.049999,27.27,26.83,27.120001,89681500.0
2011-09-19,26.799999,27.309999,26.6,27.209999,52324900.0
2011-09-20,27.309999,27.5,26.93,26.98,49211900.0
2011-09-21,27.049999,27.059999,25.969999,25.99,72750700.0
2011-09-22,25.299999,25.65,24.6,25.059999,96278300.0
2011-09-23,24.9,25.15,24.690001,25.059999,64768100.0
2011-09-26,25.190001,25.52,24.73,25.440001,51057600.0
2011-09-27,25.66,25.92,25.450001,25.67,55620700.0
2011-09-28,25.93,26.370001,25.51,25.58,60736200.0
2011-09-29,25.98,26.17,25.09,25.450001,63407300.0
2011-09-30,25.200001,25.5,24.879999,24.889999,54060500.0
2011-10-03,24.719999,25.34,24.52,24.530001,64592500.0
2011-10-04,24.299999,25.389999,24.26,25.34,83485400.0
2011-10-05,25.42,26.16,25.16,25.889999,94061300.0
2011-10-06,25.9,26.4,25.700001,26.34,55111400.0
2011-10-07,26.34,26.51,26.200001,26.25,52741600.0
2011-10-10,26.58,26.969999,26.469999,26.940001,41815300.0
2011-10-11,26.860001,27.07,26.719999,27.0,38826200.0
2011-10-12,27.18,27.309999,26.9,26.959999,52489800.0
2011-10-13,26.76,27.200001,26.620001,27.18,43823500.0
2011-10-14,27.309999,27.5,27.02,27.27,50947700.0
2011-10-17,27.110001,27.42,26.85,26.98,39453300.0
2011-10-18,26.940001,27.4,26.799999,27.309999,52487900.0
2011-10-19,27.370001,27.469999,27.01,27.129999,42880000.0
2011-10-20,27.26,27.34,26.4,27.040001,76300200.0
2011-10-21,27.15,27.190001,26.799999,27.16,76620600.0
2011-10-24,27.059999,27.4,27.040001,27.190001,56897800.0
2011-10-25,27.08,27.23,26.719999,26.809999,53554600.0
2011-10-26,27.030001,27.059999,26.1,26.59,63029900.0
2011-10-27,27.129999,27.4,26.65,27.25,74512400.0
2011-10-28,27.139999,27.190001,26.790001,26.98,57712100.0
2011-10-31,26.76,27.0,26.620001,26.629999,46799000.0
2011-11-01,26.190001,26.32,25.860001,25.99,61182600.0
2011-11-02,26.1,26.200001,25.700001,26.01,53533100.0
2011-11-03,26.24,26.59,25.98,26.530001,65836100.0
2011-11-04,26.379999,26.4,26.0,26.25,36549200.0
2011-11-07,26.209999,26.82,26.129999,26.799999,42589700.0
2011-11-08,27.01,27.200001,26.690001,27.16,47822500.0
2011-11-09,26.59,26.75,26.059999,26.200001,62950900.0
2011-11-10,26.469999,26.5,26.120001,26.280001,32514400.0
2011-11-11,26.58,27.08,26.57,26.91,37903000.0
2011-11-14,26.879999,27.0,26.65,26.76,34199200.0
2011-11-15,26.559999,26.940001,26.4,26.74,43874200.0
2011-11-16,26.469999,26.51,26.040001,26.07,53262800.0
2011-11-17,26.01,26.040001,25.440001,25.540001,70977500.0
2011-11-18,25.48,25.5,25.15,25.299999,47626200.0
2011-11-21,25.24,25.25,24.9,25.0,61882500.0
2011-11-22,24.889999,24.959999,24.65,24.790001,49204500.0
2011-11-23,24.610001,24.790001,24.469999,24.469999,49099700.0
2011-11-25,24.379999,24.67,24.299999,24.299999,26164600.0
2011-11-28,24.940001,24.969999,24.690001,24.870001,46766700.0
2011-11-29,24.82,25.040001,24.75,24.84,40917100.0
2011-11-30,25.370001,25.59,25.139999,25.58,81350900.0
2011-12-01,25.559999,25.629999,25.200001,25.280001,48545400.0
2011-12-02,25.59,25.620001,25.16,25.219999,52293800.0
2011-12-05,25.780001,25.799999,25.5,25.700001,56818400.0
2011-12-06,25.809999,25.870001,25.610001,25.66,46175300.0
2011-12-07,25.67,25.76,25.34,25.6,62667000.0
2011-12-08,25.48,25.719999,25.370001,25.4,60522200.0
2011-12-09,25.52,25.870001,25.5,25.700001,53788500.0
2011-12-12,25.41,25.57,25.290001,25.51,38945900.0
2011-12-13,25.75,26.1,25.65,25.76,54581100.0
2011-12-14,25.719999,25.860001,25.57,25.59,47926400.0
2011-12-15,25.719999,25.879999,25.540001,25.559999,46213900.0
2011-12-16,25.67,26.17,25.629999,26.0,101408100.0
2011-12-19,26.02,26.120001,25.459999,25.530001,52258300.0
2011-12-20,25.860001,26.1,25.809999,26.030001,60767600.0
2011-12-21,26.01,26.190001,25.440001,25.76,64132500.0
2011-12-22,25.82,25.860001,25.48,25.809999,35794100.0
2011-12-23,25.91,26.040001,25.73,26.030001,23205800.0
2011-12-27,25.959999,26.139999,25.93,26.040001,21287200.0
2011-12-28,26.110001,26.15,25.76,25.82,29822500.0
2011-12-29,25.950001,26.049999,25.860001,26.02,22616900.0
2011-12-30,26.0,26.120001,25.91,25.959999,27395700.0
2012-01-03,26.549999,26.959999,26.389999,26.77,64731500.0
2012-01-04,26.82,27.469999,26.780001,27.4,80516100.0
2012-01-05,27.379999,27.73,27.290001,27.68,56081400.0
2012-01-06,27.530001,28.190001,27.530001,28.110001,99455500.0
2012-01-09,28.049999,28.1,27.719999,27.74,59706800.0
2012-01-10,27.93,28.15,27.75,27.84,60014400.0
2012-01-11,27.43,27.98,27.370001,27.719999,65582400.0
2012-01-12,27.870001,28.02,27.65,28.0,49370800.0
2012-01-13,27.93,28.25,27.790001,28.25,60196100.0
2012-01-17,28.4,28.65,28.17,28.26,72395300.0
2012-01-18,28.309999,28.4,27.969999,28.23,64860600.0
2012-01-19,28.16,28.440001,28.030001,28.120001,74053500.0
2012-01-20,28.82,29.74,28.75,29.709999,165902900.0
2012-01-23,29.549999,29.950001,29.35,29.73,76078100.0
2012-01-24,29.469999,29.57,29.18,29.34,51703300.0
2012-01-25,29.07,29.65,29.07,29.559999,59231700.0
2012-01-26,29.610001,29.700001,29.4,29.5,49102800.0
2012-01-27,29.450001,29.530001,29.17,29.23,44187700.0
2012-01-30,28.969999,29.620001,28.83,29.610001,51114800.0
2012-01-31,29.66,29.700001,29.23,29.530001,50572400.0
2012-02-01,29.790001,30.049999,29.76,29.889999,67409900.0
2012-02-02,29.9,30.17,29.709999,29.950001,52223300.0
2012-02-03,30.139999,30.4,30.09,30.24,41838500.0
2012-02-06,30.040001,30.219999,29.969999,30.200001,28039700.0
2012-02-07,30.15,30.49,30.049999,30.35,39242400.0
2012-02-08,30.26,30.67,30.219999,30.66,49659100.0
2012-02-09,30.68,30.799999,30.48,30.77,50481600.0
2012-02-10,30.639999,30.799999,30.360001,30.5,44605300.0
2012-02-13,30.629999,30.77,30.43,30.58,33319800.0
2012-02-14,30.33,30.459999,29.85,30.25,59644000.0
2012-02-15,30.33,30.389999,30.030001,30.049999,43311300.0
2012-02-16,30.309999,31.549999,30.299999,31.290001,94705100.0
2012-02-17,31.200001,31.32,30.950001,31.25,70036500.0
2012-02-21,31.18,31.610001,31.15,31.440001,50829900.0
2012-02-22,31.450001,31.68,31.18,31.27,49253200.0
2012-02-23,31.200001,31.59,31.0,31.370001,35034700.0
2012-02-24,31.48,31.5,31.24,31.48,35575400.0
2012-02-27,31.24,31.5,31.1,31.35,34568400.0
2012-02-28,31.41,31.93,31.379999,31.870001,45230600.0
2012-02-29,31.889999,32.0,31.610001,31.74,59323600.0
2012-03-01,31.93,32.389999,31.85,32.290001,77344100.0
2012-03-02,32.310001,32.439999,32.0,32.080002,47314200.0
2012-03-05,32.009998,32.049999,31.620001,31.799999,45240000.0
2012-03-06,31.540001,31.98,31.49,31.559999,51932900.0
2012-03-07,31.67,31.92,31.530001,31.84,34340400.0
2012-03-08,32.040001,32.209999,31.9,32.009998,36747400.0
2012-03-09,32.099998,32.16,31.92,31.99,34628400.0
2012-03-12,31.969999,32.200001,31.82,32.040001,34073600.0
2012-03-13,32.240002,32.689999,32.150002,32.669998,48951700.0
2012-03-14,32.529999,32.880001,32.490002,32.77,41986900.0
2012-03-15,32.790001,32.939999,32.580002,32.849998,49068300.0
2012-03-16,32.91,32.950001,32.5,32.599998,65626400.0
2012-03-19,32.540001,32.610001,32.150002,32.200001,44789200.0
2012-03-20,32.099998,32.150002,31.74,31.99,41566800.0
2012-03-21,31.959999,32.150002,31.82,31.91,37928600.0
2012-03-22,31.809999,32.09,31.790001,32.0,31749500.0
2012-03-23,32.099998,32.110001,31.719999,32.009998,35912200.0
2012-03-26,32.189999,32.610001,32.150002,32.59,36758300.0
2012-03-27,32.650002,32.700001,32.400002,32.52,36274900.0
2012-03-28,32.52,32.700001,32.040001,32.189999,41344800.0
2012-03-29,32.060001,32.189999,31.809999,32.119999,37038500.0
2012-03-30,32.400002,32.41,32.040001,32.259998,31749400.0
2012-04-02,32.220001,32.459999,31.950001,32.290001,35853600.0
2012-04-03,32.16,32.189999,31.66,31.940001,42752100.0
2012-04-04,31.66,31.690001,31.049999,31.209999,49455900.0
2012-04-05,31.15,31.629999,31.049999,31.52,50368600.0
2012-04-09,31.219999,31.4,30.969999,31.1,31056400.0
2012-04-10,31.059999,31.190001,30.299999,30.469999,54131300.0
2012-04-11,30.43,30.530001,30.23,30.35,43014000.0
2012-04-12,30.48,31.040001,30.42,30.98,38304000.0
2012-04-13,30.889999,31.16,30.719999,30.809999,39749200.0
2012-04-16,30.99,31.190001,30.77,31.08,38124800.0
2012-04-17,31.27,31.610001,31.200001,31.440001,34361500.0
2012-04-18,31.280001,31.309999,31.040001,31.139999,40552900.0
2012-04-19,31.129999,31.68,30.940001,31.01,54781200.0
2012-04-20,32.150002,32.889999,32.049999,32.419998,106045000.0
2012-04-23,32.310001,32.5,32.029999,32.119999,61398200.0
2012-04-24,32.209999,32.52,31.83,31.92,40871100.0
2012-04-25,31.92,32.32,31.870001,32.200001,62495500.0
2012-04-26,32.119999,32.23,31.92,32.110001,40308100.0
2012-04-27,32.119999,32.220001,31.879999,31.98,41419100.0
2012-04-30,31.98,32.110001,31.92,32.02,35697200.0
2012-05-01,32.049999,32.34,31.950001,32.009998,43832300.0
2012-05-02,31.85,31.93,31.639999,31.799999,37385300.0
2012-05-03,31.879999,31.9,31.610001,31.76,31501300.0
2012-05-04,31.450001,31.57,30.92,30.98,57927200.0
2012-05-07,30.700001,30.860001,30.57,30.65,48641400.0
2012-05-08,30.48,30.780001,30.17,30.5,46328300.0
2012-05-09,30.190001,30.83,30.1,30.76,50309300.0
2012-05-10,30.860001,31.02,30.450001,30.74,43839200.0
2012-05-11,30.690001,31.540001,30.690001,31.16,43459300.0
2012-05-14,30.82,31.040001,30.639999,30.68,40528900.0
2012-05-15,30.639999,30.799999,30.15,30.209999,61822800.0
2012-05-16,30.309999,30.32,29.74,29.9,60083700.0
2012-05-17,29.99,30.209999,29.709999,29.719999,48484000.0
2012-05-18,29.790001,29.809999,29.17,29.27,56205300.0
2012-05-21,29.1,29.790001,29.059999,29.75,38787900.0
2012-05-22,29.690001,29.879999,29.5,29.76,39504900.0
2012-05-23,29.35,29.4,28.639999,29.110001,65171000.0
2012-05-24,29.16,29.299999,28.76,29.07,52575000.0
2012-05-25,29.200001,29.360001,29.01,29.059999,29507200.0
2012-05-29,29.379999,29.719999,29.219999,29.559999,37758800.0
2012-05-30,29.35,29.48,29.120001,29.34,41585500.0
2012-05-31,29.299999,29.42,28.940001,29.190001,39134000.0
2012-06-01,28.76,28.959999,28.440001,28.450001,56634300.0
2012-06-04,28.620001,28.780001,28.32,28.549999,47926300.0
2012-06-05,28.51,28.75,28.389999,28.51,45715400.0
2012-06-06,28.879999,29.370001,28.809999,29.35,46860500.0
2012-06-07,29.639999,29.700001,29.17,29.23,37792800.0
2012-06-08,29.209999,29.68,29.049999,29.65,42551100.0
2012-06-11,29.73,29.809999,28.82,28.9,46361900.0
2012-06-12,29.1,29.299999,28.84,29.290001,35337900.0
2012-06-13,29.219999,29.440001,29.049999,29.129999,32984600.0
2012-06-14,29.33,29.459999,28.879999,29.34,39458900.0
2012-06-15,29.59,30.08,29.49,30.02,62314400.0
2012-06-18,29.99,30.030001,29.709999,29.84,58679900.0
2012-06-19,30.190001,31.110001,30.049999,30.700001,75725800.0
2012-06-20,30.93,31.049999,30.639999,30.93,36257100.0
2012-06-21,30.959999,31.139999,30.059999,30.139999,48456600.0
2012-06-22,30.299999,30.73,30.030001,30.700001,45098100.0
2012-06-25,30.299999,30.32,29.620001,29.870001,42217200.0
2012-06-26,30.0,30.27,29.940001,30.02,38421300.0
2012-06-27,30.190001,30.5,30.030001,30.17,33781700.0
2012-06-28,29.98,30.049999,29.42,29.91,45328400.0
2012-06-29,30.450001,30.690001,30.139999,30.59,55227200.0
2012-07-02,30.620001,30.620001,30.209999,30.559999,30589100.0
2012-07-03,30.23,30.76,30.17,30.76,20938100.0
2012-07-05,30.59,30.780001,30.379999,30.700001,28801900.0
2012-07-06,30.610001,30.700001,29.950001,30.190001,38294800.0
2012-07-09,30.120001,30.23,29.780001,30.0,30680800.0
2012-07-10,30.08,30.219999,29.51,29.74,37534100.0
2012-07-11,29.709999,29.74,29.110001,29.299999,39184900.0
2012-07-12,29.15,29.18,28.540001,28.629999,63523600.0
2012-07-13,28.76,29.48,28.719999,29.389999,39085000.0
2012-07-16,29.48,29.530001,29.040001,29.440001,27900600.0
2012-07-17,29.639999,29.860001,29.200001,29.66,33771300.0
2012-07-18,29.6,30.450001,29.459999,30.450001,41090400.0
2012-07-19,30.51,30.799999,30.379999,30.67,46663200.0
2012-07-20,31.0,31.049999,30.049999,30.120001,64021700.0
2012-07-23,29.57,29.58,29.01,29.280001,55151900.0
2012-07-24,29.24,29.360001,28.9,29.15,47723300.0
2012-07-25,29.24,29.33,28.780001,28.83,45579500.0
2012-07-26,29.23,29.5,29.09,29.16,45301400.0
2012-07-27,29.48,29.85,29.18,29.76,44242600.0
2012-07-30,29.75,29.82,29.459999,29.639999,28905000.0
2012-07-31,29.48,29.709999,29.33,29.469999,37620900.0
2012-08-01,29.59,29.65,29.209999,29.41,31721800.0
2012-08-02,29.209999,29.530001,28.969999,29.190001,39520500.0
2012-08-03,29.530001,29.940001,29.48,29.75,35859400.0
2012-08-06,30.0,30.110001,29.809999,29.950001,27471800.0
2012-08-07,30.07,30.35,29.870001,30.26,28002900.0
2012-08-08,30.209999,30.469999,30.110001,30.33,26257600.0
2012-08-09,30.389999,30.65,30.299999,30.5,24920800.0
2012-08-10,30.5,30.620001,30.25,30.42,27810300.0
2012-08-13,30.35,30.459999,30.16,30.389999,23049100.0
2012-08-14,30.299999,30.389999,30.01,30.129999,34551400.0
2012-08-15,30.110001,30.280001,30.02,30.200001,24351000.0
2012-08-16,30.360001,30.940001,30.26,30.780001,35787200.0
2012-08-17,30.92,30.92,30.59,30.9,32589900.0
2012-08-20,30.82,30.85,30.58,30.74,23737700.0
2012-08-21,30.76,30.959999,30.610001,30.799999,28822700.0
2012-08-22,30.59,30.76,30.469999,30.540001,33437400.0
2012-08-23,30.389999,30.4,30.08,30.26,28355600.0
2012-08-24,30.25,30.629999,30.18,30.559999,22943300.0
2012-08-27,30.93,30.959999,30.59,30.690001,34691100.0
2012-08-28,30.700001,30.799999,30.52,30.629999,23947900.0
2012-08-29,30.65,30.75,30.440001,30.65,23346800.0
2012-08-30,30.530001,30.610001,30.219999,30.32,23982100.0
2012-08-31,30.6,30.959999,30.379999,30.82,36590100.0
2012-09-04,30.450001,30.66,30.15,30.389999,48556700.0
2012-09-05,30.219999,30.530001,30.209999,30.389999,33650000.0
2012-09-06,30.5,31.360001,30.459999,31.35,48371700.0
2012-09-07,31.040001,31.07,30.73,30.950001,42649100.0
2012-09-10,30.83,30.9,30.51,30.719999,40524000.0
2012-09-11,30.690001,30.91,30.610001,30.790001,25191800.0
2012-09-12,30.940001,31.18,30.73,30.780001,32775800.0
2012-09-13,30.889999,31.18,30.4,30.940001,45047300.0
2012-09-14,31.01,31.25,30.809999,31.209999,51422800.0
2012-09-17,31.190001,31.26,31.040001,31.209999,36488500.0
2012-09-18,31.1,31.209999,31.030001,31.18,34542700.0
2012-09-19,31.09,31.190001,31.040001,31.049999,48871900.0
2012-09-20,30.950001,31.48,30.91,31.450001,45543000.0
2012-09-21,31.43,31.610001,31.09,31.190001,102348900.0
2012-09-24,31.0,31.07,30.639999,30.780001,46825900.0
2012-09-25,30.950001,31.0,30.360001,30.389999,54266400.0
2012-09-26,30.280001,30.6,30.040001,30.17,54672000.0
2012-09-27,30.17,30.4,29.889999,30.16,47129900.0
2012-09-28,30.18,30.26,29.74,29.76,54229300.0
2012-10-01,29.809999,29.98,29.42,29.49,54042700.0
2012-10-02,29.68,29.889999,29.5,29.66,43338900.0
2012-10-03,29.75,29.99,29.67,29.860001,46655900.0
2012-10-04,29.969999,30.030001,29.57,30.030001,43634900.0
2012-10-05,30.23,30.25,29.74,29.85,41133900.0
2012-10-08,29.639999,29.92,29.549999,29.780001,29752000.0
2012-10-09,29.68,29.74,29.18,29.280001,45121100.0
2012-10-10,29.15,29.309999,28.950001,28.98,47227100.0
2012-10-11,29.219999,29.25,28.870001,28.950001,41488500.0
2012-10-12,28.969999,29.32,28.799999,29.200001,46464700.0
2012-10-15,29.370001,29.719999,29.25,29.51,42440200.0
2012-10-16,29.450001,29.74,29.32,29.49,47739400.0
2012-10-17,29.299999,29.639999,29.09,29.59,44206100.0
2012-10-18,29.65,29.73,29.26,29.5,59238500.0
2012-10-19,29.049999,29.08,28.5,28.639999,90470800.0
2012-10-22,28.73,28.83,27.83,28.0,83374000.0
2012-10-23,27.77,28.200001,27.76,28.049999,64414800.0
2012-10-24,28.16,28.200001,27.870001,27.9,53320400.0
2012-10-25,28.190001,28.200001,27.860001,27.879999,54084300.0
2012-10-26,27.860001,28.34,27.84,28.209999,57790000.0
2012-10-31,28.549999,28.879999,28.5,28.540001,69464100.0
2012-11-01,28.84,29.559999,28.82,29.52,72047900.0
2012-11-02,29.59,29.77,29.33,29.5,57131600.0
2012-11-05,29.620001,29.74,29.33,29.629999,38070800.0
2012-11-06,29.82,30.200001,29.610001,29.860001,43401500.0
2012-11-07,29.530001,29.83,29.049999,29.08,57871800.0
2012-11-08,29.120001,29.370001,28.799999,28.809999,49841800.0
2012-11-09,28.879999,29.190001,28.809999,28.83,43291200.0
2012-11-12,28.940001,29.01,28.209999,28.219999,61112300.0
2012-11-13,27.02,27.299999,26.75,27.09,131689200.0
2012-11-14,27.24,27.290001,26.799999,26.84,76086100.0
2012-11-15,26.879999,26.969999,26.629999,26.66,50955600.0
2012-11-16,26.67,26.700001,26.34,26.52,64083300.0
2012-11-19,26.799999,26.799999,26.469999,26.73,57179300.0
2012-11-20,26.76,26.799999,26.459999,26.709999,47070400.0
2012-11-21,26.709999,27.17,26.67,26.950001,66360300.0
2012-11-23,27.23,27.77,27.200001,27.700001,57845700.0
2012-11-26,27.540001,27.58,27.17,27.389999,85198700.0
2012-11-27,27.360001,27.379999,27.040001,27.08,45018600.0
2012-11-28,27.01,27.389999,26.77,27.360001,53018400.0
2012-11-29,27.110001,27.360001,26.860001,26.950001,69551400.0
2012-11-30,27.049999,27.129999,26.49,26.620001,83690200.0
2012-12-03,26.780001,26.82,26.4,26.43,53173800.0
2012-12-04,26.5,26.629999,26.34,26.370001,49777500.0
2012-12-05,26.379999,26.93,26.26,26.67,68283800.0
2012-12-06,26.809999,26.98,26.610001,26.73,39182300.0
2012-12-07,26.82,26.82,26.370001,26.459999,46162100.0
2012-12-10,26.559999,26.969999,26.52,26.940001,47031100.0
2012-12-11,27.049999,27.49,27.049999,27.32,52282800.0
2012-12-12,27.530001,27.620001,27.08,27.24,43966300.0
2012-12-13,27.32,27.52,26.950001,27.110001,45080100.0
2012-12-14,27.110001,27.129999,26.700001,26.809999,42077500.0
2012-12-17,26.790001,27.219999,26.68,27.1,42046100.0
2012-12-18,27.25,27.629999,27.139999,27.559999,50486900.0
2012-12-19,27.690001,27.73,27.25,27.309999,53519900.0
2012-12-20,27.360001,27.68,27.15,27.68,52607300.0
2012-12-21,27.450001,27.49,27.0,27.450001,98776500.0
2012-12-24,27.200001,27.25,27.0,27.059999,20842400.0
2012-12-26,27.030001,27.200001,26.700001,26.860001,31631100.0
2012-12-27,26.889999,27.09,26.57,26.959999,39394000.0
2012-12-28,26.709999,26.9,26.549999,26.549999,28239900.0
2012-12-31,26.59,26.77,26.370001,26.709999,42749500.0
2013-01-02,27.25,27.73,27.15,27.620001,52899300.0
2013-01-03,27.629999,27.65,27.16,27.25,48294400.0
2013-01-04,27.27,27.34,26.73,26.74,52521100.0
2013-01-07,26.77,26.879999,26.639999,26.690001,37110400.0
2013-01-08,26.75,26.790001,26.459999,26.549999,44703100.0
2013-01-09,26.719999,26.75,26.559999,26.700001,49047900.0
2013-01-10,26.65,26.98,26.290001,26.459999,71431300.0
2013-01-11,26.49,26.93,26.280001,26.83,55512100.0
2013-01-14,26.9,27.08,26.76,26.889999,48324400.0
2013-01-15,26.83,27.290001,26.83,27.209999,48244500.0
2013-01-16,27.15,27.23,27.01,27.040001,41077400.0
2013-01-17,27.190001,27.469999,27.059999,27.25,51685900.0
2013-01-18,27.1,27.290001,27.040001,27.25,52167700.0
2013-01-22,27.299999,27.450001,27.0,27.15,58650600.0
2013-01-23,27.200001,27.639999,27.200001,27.610001,50387700.0
2013-01-24,27.700001,28.07,27.469999,27.629999,101739300.0
2013-01-25,27.58,28.23,27.389999,27.879999,81847700.0
2013-01-28,28.01,28.23,27.76,27.91,56056500.0
2013-01-29,27.82,28.129999,27.6,28.01,49242600.0
2013-01-30,28.01,28.190001,27.76,27.85,43580500.0
2013-01-31,27.790001,27.969999,27.4,27.450001,50530000.0
2013-02-01,27.67,28.049999,27.549999,27.93,55565900.0
2013-02-04,27.870001,28.02,27.42,27.440001,50540000.0
2013-02-05,27.620001,27.66,27.360001,27.5,35410400.0
2013-02-06,27.379999,27.540001,27.25,27.34,41889600.0
2013-02-07,27.35,27.389999,27.1,27.280001,38028300.0
2013-02-08,27.35,27.709999,27.309999,27.549999,33318500.0
2013-02-11,27.65,27.92,27.5,27.860001,32247700.0
2013-02-12,27.879999,28.0,27.75,27.879999,35990900.0
2013-02-13,27.93,28.110001,27.879999,28.030001,41715600.0
2013-02-14,27.92,28.059999,27.870001,28.040001,32663200.0
2013-02-15,28.040001,28.16,27.879999,28.01,49650900.0
2013-02-19,27.879999,28.09,27.799999,28.049999,38781400.0
2013-02-20,28.129999,28.200001,27.83,27.870001,44110200.0
2013-02-21,27.74,27.74,27.23,27.49,49078500.0
2013-02-22,27.68,27.76,27.48,27.76,31425900.0
2013-02-25,27.969999,28.049999,27.370001,27.370001,48011800.0
2013-02-26,27.379999,27.6,27.34,27.370001,49923300.0
2013-02-27,27.42,28.0,27.33,27.809999,36394700.0
2013-02-28,27.879999,27.969999,27.74,27.799999,35840200.0
2013-03-01,27.719999,27.98,27.52,27.950001,34849700.0
2013-03-04,27.85,28.15,27.700001,28.15,38157500.0
2013-03-05,28.290001,28.540001,28.16,28.35,41432200.0
2013-03-06,28.209999,28.23,27.780001,28.09,51448500.0
2013-03-07,28.110001,28.280001,28.01,28.139999,29196700.0
2013-03-08,28.25,28.33,27.959999,28.0,37667800.0
2013-03-11,27.940001,27.969999,27.67,27.870001,36627500.0
2013-03-12,27.84,27.950001,27.639999,27.91,39255200.0
2013-03-13,27.870001,28.02,27.75,27.92,29093400.0
2013-03-14,28.0,28.16,27.93,28.139999,55914800.0
2013-03-15,28.030001,28.16,27.98,28.040001,92710300.0
2013-03-18,27.879999,28.280001,27.809999,28.1,44809400.0
2013-03-19,28.120001,28.219999,28.030001,28.18,51901600.0
2013-03-20,28.34,28.49,28.18,28.32,35447800.0
2013-03-21,28.110001,28.360001,28.049999,28.110001,34233200.0
2013-03-22,28.190001,28.34,28.1,28.25,28720900.0
2013-03-25,28.299999,28.35,27.959999,28.16,44154000.0
2013-03-26,28.24,28.34,28.110001,28.16,27824300.0
2013-03-27,28.139999,28.450001,28.08,28.370001,36047400.0
2013-03-28,28.32,28.66,28.26,28.610001,55453800.0
2013-04-01,28.639999,28.66,28.360001,28.610001,29201100.0
2013-04-02,28.59,28.85,28.52,28.799999,28456500.0
2013-04-03,28.75,28.950001,28.540001,28.559999,35062800.0
2013-04-04,28.389999,28.610001,28.27,28.6,45263200.0
2013-04-05,28.219999,28.780001,28.110001,28.700001,50927300.0
2013-04-08,28.73,28.73,28.469999,28.59,34759500.0
2013-04-09,28.73,29.82,28.68,29.610001,77733800.0
2013-04-10,29.57,30.32,29.52,30.280001,71116700.0
2013-04-11,29.1,29.200001,28.73,28.940001,130923200.0
2013-04-12,28.85,29.02,28.66,28.790001,62886300.0
2013-04-15,28.65,28.98,28.51,28.690001,56332900.0
2013-04-16,28.9,29.139999,28.700001,28.969999,52797300.0
2013-04-17,28.85,29.040001,28.6,28.83,52840700.0
2013-04-18,28.950001,28.98,28.5,28.790001,56906600.0
2013-04-19,29.620001,30.24,29.610001,29.77,99790700.0
2013-04-22,30.299999,31.18,30.27,30.83,137904000.0
2013-04-23,30.700001,30.9,30.379999,30.6,59126900.0
2013-04-24,30.620001,31.92,30.6,31.76,90946600.0
2013-04-25,31.709999,32.84,31.540001,31.940001,110700200.0
2013-04-26,31.9,31.98,31.450001,31.790001,47799300.0
2013-04-29,31.799999,32.68,31.77,32.610001,59116400.0
2013-04-30,32.560001,33.110001,32.279999,33.099998,75165200.0
2013-05-01,32.93,33.080002,32.599998,32.720001,54330900.0
2013-05-02,32.630001,33.169998,32.389999,33.16,46059500.0
2013-05-03,33.23,33.52,33.080002,33.490002,46784600.0
2013-05-06,33.419998,33.91,33.25,33.75,40978300.0
2013-05-07,33.650002,33.790001,33.240002,33.310001,43078300.0
2013-05-08,33.07,33.240002,32.650002,32.990002,51595700.0
2013-05-09,32.849998,33.0,32.59,32.66,46417800.0
2013-05-10,32.669998,32.720001,32.32,32.689999,36394900.0
2013-05-13,32.610001,33.07,32.549999,33.029999,36027600.0
2013-05-14,32.860001,33.529999,32.799999,33.529999,56870100.0
2013-05-15,33.450001,33.900002,33.43,33.849998,46303900.0
2013-05-16,33.639999,34.150002,33.549999,34.080002,59382900.0
2013-05-17,34.130001,34.869999,34.099998,34.869999,60666700.0
2013-05-20,34.73,35.099998,34.68,35.080002,54020800.0
2013-05-21,35.099998,35.27,34.720001,34.849998,48702400.0
2013-05-22,34.790001,34.84,34.360001,34.610001,66047500.0
2013-05-23,34.23,34.549999,33.900002,34.150002,51102700.0
2013-05-24,33.919998,34.279999,33.900002,34.27,33174400.0
2013-05-28,34.419998,35.18,34.41,35.02,48212100.0
2013-05-29,34.740002,35.02,34.57,34.880001,38412200.0
2013-05-30,34.849998,35.25,34.810001,35.029999,51131000.0
2013-05-31,34.82,35.279999,34.790001,34.900002,56165700.0
2013-06-03,34.919998,35.630001,34.830002,35.59,51252600.0
2013-06-04,35.619999,35.740002,34.77,34.990002,65529500.0
2013-06-05,34.599998,34.889999,34.43,34.779999,46025100.0
2013-06-06,34.84,35.110001,34.490002,34.959999,37618500.0
2013-06-07,35.25,35.779999,35.060001,35.669998,40757300.0
2013-06-10,35.509998,35.650002,35.139999,35.470001,35994500.0
2013-06-11,35.049999,35.18,34.68,34.84,39435900.0
2013-06-12,35.139999,35.27,34.849998,35.0,37372700.0
2013-06-13,34.990002,35.02,34.59,34.720001,45654900.0
2013-06-14,34.549999,34.689999,34.25,34.400002,53192600.0
2013-06-17,34.689999,35.16,34.630001,35.0,49670100.0
2013-06-18,34.970001,35.169998,34.900002,34.98,28616500.0
2013-06-19,34.959999,35.09,34.59,34.59,30816200.0
2013-06-20,34.259998,34.330002,33.369999,33.490002,54493700.0
2013-06-21,33.66,33.73,33.049999,33.27,85338500.0
2013-06-24,32.939999,34.200001,32.57,33.720001,56109000.0
2013-06-25,34.080002,34.380001,33.459999,33.669998,44073400.0
2013-06-26,34.119999,34.48,33.889999,34.349998,48665900.0
2013-06-27,34.52,34.779999,34.5,34.619999,28993100.0
2013-06-28,34.380001,34.790001,34.34,34.540001,65545500.0
2013-07-01,34.75,34.990002,34.330002,34.360001,31055400.0
2013-07-02,34.41,34.439999,33.630001,33.939999,37630000.0
2013-07-03,33.66,34.369999,33.599998,34.009998,15994400.0
2013-07-05,34.09,34.240002,33.580002,34.209999,26085900.0
2013-07-08,34.349998,34.59,33.98,34.330002,32396900.0
2013-07-09,34.580002,34.599998,34.139999,34.349998,25318500.0
2013-07-10,34.34,34.810001,34.32,34.700001,29658800.0
2013-07-11,35.0,35.77,34.900002,35.689999,53638300.0
2013-07-12,35.580002,35.73,35.279999,35.669998,35501200.0
2013-07-15,35.66,36.220001,35.580002,36.169998,34142600.0
2013-07-16,36.009998,36.43,35.959999,36.27,36378500.0
2013-07-17,36.34,36.389999,35.490002,35.740002,37285100.0
2013-07-18,35.720001,35.889999,35.220001,35.439999,49547100.0
2013-07-19,32.400002,32.669998,31.02,31.4,248428500.0
2013-07-22,31.700001,32.009998,31.6,32.009998,79040700.0
2013-07-23,31.91,32.040001,31.709999,31.82,65810400.0
2013-07-24,32.040001,32.189999,31.889999,31.959999,52803100.0
2013-07-25,31.620001,31.65,31.25,31.389999,63213000.0
2013-07-26,31.26,31.620001,31.209999,31.620001,38633600.0
2013-07-29,31.469999,31.6,31.4,31.540001,28870700.0
2013-07-30,31.780001,32.119999,31.549999,31.85,45799500.0
2013-07-31,31.969999,32.049999,31.709999,31.84,43898400.0
2013-08-01,32.060001,32.09,31.6,31.67,42557900.0
2013-08-02,31.690001,31.9,31.57,31.889999,29199900.0
2013-08-05,31.9,32.0,31.639999,31.700001,30984000.0
2013-08-06,31.549999,31.67,31.379999,31.58,36331500.0
2013-08-07,31.540001,32.099998,31.25,32.060001,38078600.0
2013-08-08,32.240002,33.07,32.049999,32.889999,59034400.0
2013-08-09,32.77,32.900002,32.470001,32.700001,26800700.0
2013-08-12,32.459999,32.970001,32.459999,32.869999,25493700.0
2013-08-13,32.509998,32.549999,32.209999,32.23,39464100.0
2013-08-14,32.139999,33.360001,31.700001,32.349998,48519600.0
2013-08-15,32.0,32.18,30.84,31.790001,33338000.0
2013-08-16,31.790001,31.99,31.66,31.799999,32866300.0
2013-08-19,31.76,31.969999,31.379999,31.389999,27902500.0
2013-08-20,31.440001,31.9,31.370001,31.620001,22979600.0
2013-08-21,31.610001,32.009998,31.540001,31.610001,37409100.0
2013-08-22,32.189999,32.490002,32.099998,32.389999,31169900.0
2013-08-23,35.169998,35.200001,34.0,34.75,225493800.0
2013-08-26,34.400002,34.669998,34.029999,34.150002,72786800.0
2013-08-27,33.52,34.099998,33.150002,33.259998,58522300.0
2013-08-28,33.389999,33.599998,33.0,33.02,44257400.0
2013-08-29,32.93,33.599998,32.799999,33.549999,45284700.0
2013-08-30,33.369999,33.48,33.09,33.400002,42790200.0
2013-09-03,31.75,32.07,31.290001,31.879999,154507000.0
2013-09-04,31.389999,31.469999,31.110001,31.200001,142320600.0
2013-09-05,31.1,31.440001,30.950001,31.23,71644900.0
2013-09-06,31.309999,31.389999,31.129999,31.15,75434900.0
2013-09-09,31.219999,31.790001,31.200001,31.66,49628500.0
2013-09-10,31.9,32.400002,31.790001,32.389999,56881200.0
2013-09-11,32.57,32.93,32.529999,32.740002,39087500.0
2013-09-12,32.720001,32.779999,32.59,32.689999,32860200.0
2013-09-13,32.77,33.07,32.509998,33.029999,40899000.0
2013-09-16,33.380001,33.5,32.73,32.799999,52839700.0
2013-09-17,33.419998,33.470001,32.900002,32.93,84716500.0
2013-09-18,32.990002,33.400002,32.830002,33.32,64099900.0
2013-09-19,33.48,33.68,33.32,33.639999,42026600.0
2013-09-20,33.41,33.48,32.689999,32.790001,102904900.0
2013-09-23,32.540001,32.970001,32.5,32.740002,39826100.0
2013-09-24,32.869999,32.869999,32.150002,32.450001,40685000.0
2013-09-25,32.490002,32.799999,32.400002,32.509998,28907500.0
2013-09-26,32.639999,33.0,32.59,32.77,28504000.0
2013-09-27,32.880001,33.75,32.869999,33.27,55348000.0
2013-09-30,33.0,33.310001,32.700001,33.279999,39839500.0
2013-10-01,33.349998,33.610001,33.299999,33.580002,36718700.0
2013-10-02,33.360001,34.029999,33.290001,33.919998,46946800.0
2013-10-03,33.880001,34.0,33.419998,33.860001,38703800.0
2013-10-04,33.689999,33.990002,33.619999,33.880001,33008100.0
2013-10-07,33.599998,33.709999,33.200001,33.299999,35069300.0
2013-10-08,33.310001,33.330002,32.799999,33.009998,41017600.0
2013-10-09,33.07,33.349998,32.959999,33.07,35878600.0
2013-10-10,33.310001,33.889999,33.259998,33.759998,42875100.0
2013-10-11,33.68,34.139999,33.68,34.130001,30033300.0
2013-10-14,33.900002,34.5,33.779999,34.450001,27757900.0
2013-10-15,34.669998,34.990002,34.470001,34.490002,47097800.0
2013-10-16,34.599998,34.900002,34.560001,34.639999,35111600.0
2013-10-17,34.450001,34.990002,34.369999,34.919998,31359200.0
2013-10-18,34.82,34.990002,34.330002,34.959999,41811700.0
2013-10-21,34.98,35.200001,34.91,34.990002,27433500.0
2013-10-22,35.02,35.099998,34.52,34.580002,40438500.0
2013-10-23,34.349998,34.490002,33.669998,33.759998,58600500.0
2013-10-24,33.82,34.099998,33.57,33.720001,53209700.0
2013-10-25,35.880001,36.290001,35.470001,35.73,113494000.0
2013-10-28,35.610001,35.73,35.27,35.57,38383600.0
2013-10-29,35.630001,35.720001,35.259998,35.52,31702200.0
2013-10-30,35.529999,35.790001,35.43,35.540001,36997700.0
2013-10-31,35.66,35.689999,35.34,35.41,41682300.0
2013-11-01,35.669998,35.689999,35.389999,35.529999,40264600.0
2013-11-04,35.59,35.98,35.549999,35.939999,28060700.0
2013-11-05,35.790001,36.709999,35.77,36.639999,51681900.0
2013-11-06,37.240002,38.220001,37.060001,38.18,88948800.0
2013-11-07,37.959999,38.009998,37.43,37.5,60437400.0
2013-11-08,37.669998,37.779999,37.34,37.779999,36737800.0
2013-11-11,37.689999,37.779999,37.349998,37.59,26872500.0
2013-11-12,37.380001,37.599998,37.200001,37.360001,31651600.0
2013-11-13,36.98,38.16,36.900002,38.16,44957600.0
2013-11-14,37.869999,38.130001,37.720001,38.02,46183700.0
2013-11-15,37.950001,38.02,37.720001,37.84,50601300.0
2013-11-18,37.349998,37.580002,37.07,37.200001,53277500.0
2013-11-19,36.849998,37.23,36.669998,36.740002,44275000.0
2013-11-20,36.919998,37.41,36.860001,37.080002,32229900.0
2013-11-21,37.27,37.529999,37.259998,37.400002,23064700.0
2013-11-22,37.529999,37.68,37.330002,37.57,27982000.0
2013-11-25,37.93,37.950001,37.57,37.639999,30646800.0
2013-11-26,37.57,37.650002,37.349998,37.349998,34465300.0
2013-11-27,37.57,37.759998,37.490002,37.599998,26002100.0
2013-11-29,37.82,38.290001,37.82,38.130001,22090400.0
2013-12-02,38.09,38.779999,38.060001,38.450001,42950400.0
2013-12-03,38.139999,38.490002,38.080002,38.310001,52109800.0
2013-12-04,38.209999,38.98,38.119999,38.939999,51983600.0
2013-12-05,38.849998,38.880001,37.18,38.0,116305000.0
2013-12-06,38.419998,38.549999,37.990002,38.360001,36457300.0
2013-12-09,38.560001,38.869999,38.369999,38.709999,30286000.0
2013-12-10,38.610001,38.900002,38.02,38.110001,37828600.0
2013-12-11,38.060001,38.299999,37.389999,37.610001,39853400.0
2013-12-12,37.639999,37.639999,37.18,37.220001,36012800.0
2013-12-13,37.419998,37.450001,36.619999,36.689999,40066100.0
2013-12-16,36.73,37.0,36.540001,36.889999,31734200.0
2013-12-17,36.939999,37.110001,36.330002,36.52,45687700.0
2013-12-18,36.360001,36.599998,35.529999,36.580002,63192100.0
2013-12-19,36.509998,36.549999,36.080002,36.25,34160100.0
2013-12-20,36.200001,36.93,36.189999,36.799999,62649100.0
2013-12-23,36.810001,36.889999,36.549999,36.619999,25128700.0
2013-12-24,36.720001,37.169998,36.639999,37.080002,14243000.0
2013-12-26,37.200001,37.490002,37.169998,37.439999,17612800.0
2013-12-27,37.580002,37.619999,37.169998,37.290001,14563000.0
2013-12-30,37.220001,37.380001,36.900002,37.290001,16290500.0
2013-12-31,37.400002,37.580002,37.220001,37.41,17503500.0
2014-01-02,37.349998,37.400002,37.099998,37.16,30632200.0
2014-01-03,37.200001,37.220001,36.599998,36.91,31134800.0
2014-01-06,36.849998,36.889999,36.110001,36.130001,43603700.0
2014-01-07,36.330002,36.490002,36.209999,36.41,35802800.0
2014-01-08,36.0,36.139999,35.580002,35.759998,59971700.0
2014-01-09,35.880001,35.91,35.400002,35.529999,36516300.0
2014-01-10,35.900002,36.150002,35.75,36.040001,40548800.0
2014-01-13,35.990002,36.02,34.830002,34.98,45901900.0
2014-01-14,34.73,35.880001,34.630001,35.779999,41623300.0
2014-01-15,35.900002,36.790001,35.849998,36.759998,44812600.0
2014-01-16,36.689999,37.0,36.310001,36.889999,38018700.0
2014-01-17,36.830002,36.830002,36.150002,36.380001,46267500.0
2014-01-21,36.82,36.82,36.060001,36.169998,31567300.0
2014-01-22,36.259998,36.32,35.75,35.93,21904300.0
2014-01-23,36.09,36.130001,35.52,36.060001,43954000.0
2014-01-24,37.450001,37.549999,36.529999,36.810001,76395500.0
2014-01-27,36.869999,36.889999,35.98,36.029999,44420800.0
2014-01-28,36.119999,36.389999,35.75,36.27,36205500.0
2014-01-29,35.98,36.880001,35.900002,36.66,52745900.0
2014-01-30,36.790001,36.880001,36.23,36.860001,35036300.0
2014-01-31,36.950001,37.889999,36.560001,37.84,93162300.0
2014-02-03,37.740002,37.990002,36.43,36.48,64063100.0
2014-02-04,36.970001,37.189999,36.25,36.349998,54697900.0
2014-02-05,36.290001,36.470001,35.799999,35.82,55814400.0
2014-02-06,35.799999,36.25,35.689999,36.18,35351800.0
2014-02-07,36.32,36.59,36.009998,36.560001,33260500.0
2014-02-10,36.630001,36.799999,36.290001,36.799999,26767000.0
2014-02-11,36.880001,37.259998,36.860001,37.169998,32141400.0
2014-02-12,37.349998,37.599998,37.299999,37.470001,27051800.0
2014-02-13,37.330002,37.860001,37.330002,37.610001,37635500.0
2014-02-14,37.389999,37.779999,37.330002,37.619999,31407500.0
2014-02-18,37.630001,37.779999,37.41,37.419998,32834000.0
2014-02-19,37.220001,37.75,37.209999,37.509998,29750400.0
2014-02-20,37.57,37.869999,37.400002,37.75,27526100.0
2014-02-21,37.939999,38.349998,37.860001,37.98,38021300.0
2014-02-24,37.689999,37.98,37.540001,37.689999,32085100.0
2014-02-25,37.610001,37.849998,37.349998,37.540001,30736500.0
2014-02-26,37.580002,37.740002,37.189999,37.470001,41041800.0
2014-02-27,37.450001,37.889999,37.23,37.860001,33903400.0
2014-02-28,37.98,38.459999,37.82,38.310001,41215000.0
2014-03-03,37.919998,38.130001,37.490002,37.779999,29717500.0
2014-03-04,38.200001,38.48,38.07,38.41,26802400.0
2014-03-05,38.25,38.27,37.93,38.110001,20520100.0
2014-03-06,38.139999,38.240002,37.889999,38.150002,23582200.0
2014-03-07,38.279999,38.360001,37.689999,37.900002,26591600.0
2014-03-10,37.990002,38.009998,37.720001,37.82,19006600.0
2014-03-11,37.869999,38.23,37.720001,38.02,25216400.0
2014-03-12,37.799999,38.43,37.790001,38.27,30494100.0
2014-03-13,38.419998,38.450001,37.639999,37.889999,32169700.0
2014-03-14,37.650002,38.139999,37.509998,37.700001,27195600.0
2014-03-17,37.900002,38.41,37.790001,38.049999,20479600.0
2014-03-18,38.259998,39.900002,38.220001,39.549999,64063900.0
2014-03-19,39.470001,39.549999,38.91,39.27,35597200.0
2014-03-20,39.25,40.650002,39.240002,40.330002,59269800.0
2014-03-21,40.720001,40.939999,40.009998,40.16,80721800.0
2014-03-24,40.34,40.639999,39.860001,40.5,46098400.0
2014-03-25,40.66,40.990002,39.959999,40.34,43193100.0
2014-03-26,40.48,40.709999,39.599998,39.790001,41977500.0
2014-03-27,39.740002,39.970001,39.34,39.360001,35369200.0
2014-03-28,39.790001,40.639999,39.68,40.299999,43472700.0
2014-03-31,40.43,41.5,40.400002,40.990002,46886300.0
2014-04-01,41.150002,41.59,41.07,41.419998,32605000.0
2014-04-02,41.439999,41.66,41.169998,41.349998,28666700.0
2014-04-03,41.290001,41.290001,40.709999,41.009998,30139600.0
2014-04-04,41.25,41.389999,39.639999,39.869999,51409600.0
2014-04-07,39.959999,40.27,39.740002,39.799999,37559600.0
2014-04-08,39.75,39.93,39.200001,39.82,35918600.0
2014-04-09,39.93,40.549999,39.880001,40.470001,27398700.0
2014-04-10,40.439999,40.689999,39.09,39.360001,45960800.0
2014-04-11,39.0,39.790001,39.0,39.209999,34330200.0
2014-04-14,39.110001,39.41,38.900002,39.18,32006600.0
2014-04-15,39.34,39.959999,39.049999,39.75,33968700.0
2014-04-16,40.060001,40.419998,39.91,40.400002,30615800.0
2014-04-17,40.009998,40.200001,39.509998,40.009998,36688400.0
2014-04-21,40.130001,40.150002,39.790001,39.939999,22221200.0
2014-04-22,39.959999,40.139999,39.830002,39.990002,27056700.0
2014-04-23,39.990002,39.990002,39.470001,39.689999,24602800.0
2014-04-24,39.740002,39.970001,39.299999,39.860001,42381600.0
2014-04-25,40.290001,40.68,39.75,39.91,56876800.0
2014-04-28,40.139999,41.290001,40.09,40.869999,50610200.0
2014-04-29,41.099998,41.189999,40.389999,40.509998,29636200.0
2014-04-30,40.400002,40.5,40.169998,40.400002,35458700.0
2014-05-01,40.240002,40.360001,39.950001,40.0,28787400.0
2014-05-02,40.310001,40.34,39.66,39.689999,43416600.0
2014-05-05,39.52,39.639999,39.299999,39.43,22460900.0
2014-05-06,39.290001,39.349998,38.950001,39.060001,27112400.0
2014-05-07,39.220001,39.509998,38.509998,39.419998,41744500.0
2014-05-08,39.34,39.900002,38.970001,39.639999,32120400.0
2014-05-09,39.540001,39.849998,39.369999,39.540001,29647600.0
2014-05-12,39.740002,40.02,39.650002,39.970001,22782600.0
2014-05-13,39.919998,40.5,39.849998,40.419998,27004800.0
2014-05-14,40.299999,40.450001,40.049999,40.240002,18818700.0
2014-05-15,40.09,40.400002,39.509998,39.599998,37793200.0
2014-05-16,39.669998,39.84,39.27,39.830002,29867100.0
2014-05-19,39.610001,39.82,39.459999,39.75,24537400.0
2014-05-20,39.68,39.939999,39.459999,39.68,21320900.0
2014-05-21,39.799999,40.349998,39.740002,40.349998,22398700.0
2014-05-22,40.290001,40.349998,39.849998,40.099998,20201800.0
2014-05-23,40.369999,40.369999,40.0,40.119999,18020000.0
2014-05-27,40.259998,40.259998,39.810001,40.189999,26160600.0
2014-05-28,40.139999,40.189999,39.82,40.009998,25711500.0
2014-05-29,40.150002,40.349998,39.91,40.34,19888200.0
2014-05-30,40.450001,40.970001,40.25,40.939999,34567600.0
2014-06-02,40.950001,41.09,40.68,40.790001,18504300.0
2014-06-03,40.599998,40.68,40.25,40.290001,18068900.0
2014-06-04,40.209999,40.369999,39.860001,40.32,23209000.0
2014-06-05,40.59,41.25,40.400002,41.209999,31865200.0
2014-06-06,41.48,41.66,41.240002,41.48,24060500.0
2014-06-09,41.389999,41.48,41.02,41.27,15019200.0
2014-06-10,41.029999,41.16,40.860001,41.110001,15117700.0
2014-06-11,40.93,41.07,40.77,40.860001,18040000.0
2014-06-12,40.810001,40.880001,40.290001,40.580002,29818900.0
2014-06-13,41.099998,41.57,40.860001,41.23,26310000.0
2014-06-16,41.040001,41.610001,41.040001,41.5,24205300.0
2014-06-17,41.290001,41.91,40.34,41.68,22518600.0
2014-06-18,41.610001,41.740002,41.18,41.650002,27097000.0
2014-06-19,41.57,41.77,41.330002,41.509998,19828200.0
2014-06-20,41.450001,41.830002,41.380001,41.68,47764900.0
2014-06-23,41.73,42.0,41.689999,41.990002,18743900.0
2014-06-24,41.830002,41.939999,41.560001,41.75,26509100.0
2014-06-25,41.700001,42.049999,41.459999,42.029999,20049100.0
2014-06-26,41.93,41.939999,41.43,41.720001,23604400.0
2014-06-27,41.610001,42.290001,41.509998,42.25,74640000.0
2014-06-30,42.169998,42.209999,41.700001,41.700001,30793100.0
2014-07-01,41.860001,42.150002,41.689999,41.869999,26917000.0
2014-07-02,41.73,41.900002,41.529999,41.900002,20208100.0
2014-07-03,41.91,41.990002,41.560001,41.799999,15969300.0
2014-07-07,41.75,42.119999,41.709999,41.990002,21952400.0
2014-07-08,41.869999,42.0,41.610001,41.779999,31218200.0
2014-07-09,41.98,41.990002,41.529999,41.669998,18445900.0
2014-07-10,41.369999,42.0,41.049999,41.689999,21854700.0
2014-07-11,41.700001,42.09,41.48,42.09,24083000.0
2014-07-14,42.220001,42.450001,42.040001,42.139999,21881100.0
2014-07-15,42.330002,42.470001,42.029999,42.450001,28748700.0
2014-07-16,42.509998,44.310001,42.48,44.080002,63318000.0
2014-07-17,45.450001,45.709999,44.25,44.529999,82180300.0
2014-07-18,44.650002,44.84,44.25,44.689999,43407500.0
2014-07-21,44.560001,45.16,44.220001,44.84,37604400.0
2014-07-22,45.0,45.150002,44.59,44.830002,43095800.0
2014-07-23,45.450001,45.450001,44.619999,44.869999,52362900.0
2014-07-24,44.93,45.0,44.32,44.400002,30725300.0
2014-07-25,44.299999,44.66,44.299999,44.5,26737700.0
2014-07-28,44.360001,44.509998,43.93,43.970001,29684200.0
2014-07-29,43.91,44.09,43.639999,43.889999,27763100.0
2014-07-30,44.07,44.099998,43.290001,43.580002,31921400.0
2014-07-31,43.380001,43.689999,43.080002,43.16,31537500.0
2014-08-01,43.209999,43.25,42.599998,42.860001,31170300.0
2014-08-04,42.970001,43.470001,42.810001,43.369999,34277400.0
2014-08-05,43.310001,43.459999,42.830002,43.080002,26266400.0
2014-08-06,42.740002,43.169998,42.209999,42.740002,24634000.0
2014-08-07,42.84,43.450001,42.650002,43.23,30314900.0
2014-08-08,43.23,43.32,42.91,43.200001,28942700.0
2014-08-11,43.259998,43.450001,43.02,43.200001,20351600.0
2014-08-12,43.040001,43.59,43.0,43.52,21431100.0
2014-08-13,43.68,44.18,43.52,44.080002,22889500.0
2014-08-14,44.080002,44.419998,44.009998,44.27,19313200.0
2014-08-15,44.580002,44.900002,44.400002,44.790001,41611300.0
2014-08-18,44.939999,45.110001,44.68,45.110001,26891100.0
2014-08-19,44.970001,45.34,44.830002,45.330002,28139500.0
2014-08-20,45.34,45.400002,44.900002,44.950001,24770500.0
2014-08-21,44.84,45.25,44.830002,45.220001,22285500.0
2014-08-22,45.349998,45.470001,45.07,45.150002,18294500.0
2014-08-25,45.400002,45.439999,45.040001,45.169998,16910000.0
2014-08-26,45.310001,45.400002,44.939999,45.009998,14873100.0
2014-08-27,44.900002,45.0,44.759998,44.869999,21287900.0
2014-08-28,44.75,44.98,44.610001,44.880001,17657600.0
2014-08-29,45.09,45.439999,44.860001,45.43,21607600.0
2014-09-02,45.43,45.459999,44.849998,45.09,22976800.0
2014-09-03,44.529999,45.110001,44.529999,44.959999,33684500.0
2014-09-04,44.740002,45.27,44.720001,45.259998,26475500.0
2014-09-05,45.110001,45.93,45.110001,45.91,36939400.0
2014-09-08,46.02,46.799999,45.990002,46.470001,45736700.0
2014-09-09,46.470001,46.970001,46.419998,46.759998,40302400.0
2014-09-10,46.82,46.939999,46.279999,46.84,27302400.0
2014-09-11,46.740002,47.0,46.470001,47.0,29216400.0
2014-09-12,46.91,47.02,46.599998,46.700001,38244700.0
2014-09-15,46.540001,46.709999,46.099998,46.240002,37667600.0
2014-09-16,46.389999,46.849998,46.290001,46.759998,27910600.0
2014-09-17,46.259998,46.689999,46.23,46.52,38311900.0
2014-09-18,46.59,46.830002,46.459999,46.68,35556600.0
2014-09-19,46.810001,47.57,46.599998,47.52,202522400.0
2014-09-22,47.299999,47.380001,46.98,47.060001,38686100.0
2014-09-23,46.849998,46.98,46.470001,46.560001,33430300.0
2014-09-24,46.630001,47.110001,46.34,47.080002,26582700.0
2014-09-25,46.880001,47.09,46.029999,46.040001,33077400.0
2014-09-26,45.93,46.619999,45.759998,46.41,27078800.0
2014-09-29,45.98,46.560001,45.759998,46.439999,26091000.0
2014-09-30,46.369999,46.48,46.009998,46.360001,33033100.0
2014-10-01,46.27,46.529999,45.849998,45.900002,38088400.0
2014-10-02,45.830002,46.099998,45.639999,45.759998,25119400.0
2014-10-03,45.98,46.299999,45.610001,46.09,32453200.0
2014-10-06,46.119999,46.299999,45.919998,46.09,20604000.0
2014-10-07,45.860001,45.93,45.419998,45.529999,25723700.0
2014-10-08,45.48,46.889999,45.34,46.779999,33031000.0
2014-10-09,46.5,46.799999,45.740002,45.849998,34422800.0
2014-10-10,45.599998,46.119999,43.950001,44.029999,51978100.0
2014-10-13,43.82,44.560001,43.490002,43.650002,37100200.0
2014-10-14,43.869999,44.380001,43.560001,43.73,38115700.0
2014-10-15,43.0,43.389999,42.099998,43.220001,60218700.0
2014-10-16,42.529999,43.080002,42.220001,42.740002,49040400.0
2014-10-17,43.200001,43.939999,42.790001,43.630001,40683300.0
2014-10-20,43.060001,44.139999,42.810001,44.080002,34527900.0
2014-10-21,44.360001,44.98,44.189999,44.880001,36433800.0
2014-10-22,45.0,45.07,44.23,44.380001,33570900.0
2014-10-23,44.619999,45.450001,44.529999,45.02,45451900.0
2014-10-24,46.830002,46.900002,45.18,46.130001,61076700.0
2014-10-27,45.709999,46.099998,45.709999,45.91,30371300.0
2014-10-28,45.860001,46.5,45.77,46.490002,29049800.0
2014-10-29,46.439999,46.700001,46.34,46.619999,30276100.0
2014-10-30,46.32,46.32,45.77,46.049999,30073900.0
2014-10-31,46.939999,46.970001,46.48,46.950001,35849700.0
2014-11-03,46.889999,47.459999,46.73,47.439999,23130400.0
2014-11-04,47.299999,47.73,47.25,47.57,21530800.0
2014-11-05,47.799999,47.900002,47.259998,47.860001,22449600.0
2014-11-06,47.860001,48.860001,47.790001,48.700001,33037800.0
2014-11-07,48.919998,48.919998,48.290001,48.68,28000600.0
2014-11-10,48.650002,49.150002,48.549999,48.889999,36370100.0
2014-11-11,48.849998,48.950001,48.650002,48.869999,23445200.0
2014-11-12,48.560001,48.919998,48.52,48.779999,22722100.0
2014-11-13,48.810001,49.650002,48.709999,49.610001,26210400.0
2014-11-14,49.740002,50.049999,49.389999,49.580002,29081700.0
2014-11-17,49.41,49.709999,49.139999,49.459999,30318600.0
2014-11-18,49.130001,49.330002,48.700001,48.740002,23995500.0
2014-11-19,48.66,48.75,47.93,48.220001,26177500.0
2014-11-20,48.0,48.700001,47.869999,48.700001,21510600.0
2014-11-21,49.02,49.049999,47.57,47.98,42884800.0
2014-11-24,47.990002,48.0,47.389999,47.59,35434200.0
2014-11-25,47.66,47.970001,47.450001,47.470001,28008000.0
2014-11-26,47.490002,47.990002,47.279999,47.75,27163600.0
2014-11-28,47.950001,48.200001,47.610001,47.810001,21534400.0
2014-12-01,47.880001,48.779999,47.709999,48.619999,31191600.0
2014-12-02,48.84,49.049999,48.200001,48.459999,25773500.0
2014-12-03,48.439999,48.5,47.810001,48.080002,23534800.0
2014-12-04,48.389999,49.060001,48.200001,48.84,30320400.0
2014-12-05,48.82,48.970001,48.380001,48.419998,27313400.0
2014-12-08,48.259998,48.349998,47.450001,47.700001,26663100.0
2014-12-09,47.110001,47.919998,47.049999,47.59,24330500.0
2014-12-10,47.580002,47.66,46.700001,46.900002,30431800.0
2014-12-11,47.080002,47.740002,46.68,47.169998,29060400.0
2014-12-12,46.779999,47.73,46.669998,46.950001,34248400.0
2014-12-15,47.200001,47.669998,46.549999,46.669998,29247800.0
2014-12-16,45.900002,46.34,45.130001,45.16,47801400.0
2014-12-17,45.049999,45.950001,44.900002,45.740002,34970900.0
2014-12-18,46.580002,47.52,46.34,47.52,40105600.0
2014-12-19,47.630001,48.099998,47.169998,47.66,64551200.0
2014-12-22,47.779999,48.119999,47.709999,47.98,26566000.0
2014-12-23,48.369999,48.799999,48.130001,48.450001,23648100.0
2014-12-24,48.639999,48.639999,48.080002,48.139999,11437800.0
2014-12-26,48.41,48.41,47.82,47.880001,13197800.0
2014-12-29,47.700001,47.779999,47.259998,47.450001,14439500.0
2014-12-30,47.439999,47.619999,46.84,47.02,16384700.0
2014-12-31,46.73,47.439999,46.450001,46.450001,21552500.0
2015-01-02,46.66,47.419998,46.540001,46.759998,27913900.0
2015-01-05,46.369999,46.73,46.25,46.330002,39673900.0
2015-01-06,46.380001,46.75,45.540001,45.650002,36447900.0
2015-01-07,45.98,46.459999,45.490002,46.23,29114100.0
2015-01-08,46.75,47.75,46.720001,47.59,29645200.0
2015-01-09,47.610001,47.82,46.900002,47.189999,23944200.0
2015-01-12,47.419998,47.540001,46.360001,46.599998,23651900.0
2015-01-13,46.970001,47.91,46.060001,46.360001,35270600.0
2015-01-14,45.959999,46.240002,45.619999,45.959999,29675300.0
2015-01-15,46.220001,46.380001,45.41,45.48,32750800.0
2015-01-16,45.310001,46.279999,45.169998,46.240002,35695300.0
2015-01-20,46.299999,46.650002,45.57,46.389999,36161900.0
2015-01-21,45.939999,46.139999,45.48,45.919998,39081100.0
2015-01-22,46.380001,47.139999,46.080002,47.130001,35898000.0
2015-01-23,47.360001,47.389999,46.799999,47.18,26211600.0
2015-01-26,47.0,47.130001,46.240002,47.009998,42525500.0
2015-01-27,42.950001,43.200001,42.110001,42.66,169164000.0
2015-01-28,42.740002,42.790001,41.16,41.189999,84507100.0
2015-01-29,40.93,42.119999,40.790001,42.009998,63585300.0
2015-01-30,41.549999,41.580002,40.349998,40.400002,78004900.0
2015-02-02,40.59,41.369999,40.23,41.279999,50352500.0
2015-02-03,41.630001,41.93,41.049999,41.599998,52082400.0
2015-02-04,41.939999,42.209999,41.360001,41.84,41614800.0
2015-02-05,42.220001,42.639999,41.860001,42.450001,36548200.0
2015-02-06,42.68,42.790001,42.150002,42.41,34616600.0
2015-02-09,42.240002,42.740002,42.209999,42.360001,31381100.0
2015-02-10,42.740002,42.77,42.18,42.599998,29670700.0
2015-02-11,42.650002,42.650002,42.209999,42.380001,38262500.0
2015-02-12,42.66,43.09,42.509998,43.09,33268800.0
2015-02-13,43.380001,43.869999,43.150002,43.869999,40264900.0
2015-02-17,43.970001,44.0,43.189999,43.580002,33695700.0
2015-02-18,43.630001,43.700001,43.389999,43.529999,27111700.0
2015-02-19,43.18,43.529999,43.049999,43.5,27603400.0
2015-02-20,43.509998,43.880001,43.290001,43.860001,29721100.0
2015-02-23,43.700001,44.189999,43.650002,44.150002,32518800.0
2015-02-24,44.150002,44.299999,43.919998,44.09,25271700.0
2015-02-25,43.950001,44.09,43.799999,43.990002,29759800.0
2015-02-26,43.990002,44.23,43.889999,44.060001,28957300.0
2015-02-27,44.130001,44.200001,43.66,43.849998,33807700.0
2015-03-02,43.669998,44.189999,43.549999,43.880001,31924000.0
2015-03-03,43.560001,43.830002,43.09,43.279999,31748600.0
2015-03-04,43.009998,43.209999,42.880001,43.060001,25748700.0
2015-03-05,43.07,43.240002,42.82,43.110001,23193500.0
2015-03-06,43.0,43.110001,42.150002,42.360001,36248800.0
2015-03-09,42.189999,43.130001,42.189999,42.849998,32108000.0
2015-03-10,42.349998,42.709999,42.029999,42.029999,39159700.0
2015-03-11,42.310001,42.369999,41.84,41.98,32215300.0
2015-03-12,41.330002,41.650002,40.860001,41.02,59992500.0
2015-03-13,40.700001,41.470001,40.610001,41.380001,58007700.0
2015-03-16,41.470001,41.639999,41.279999,41.560001,35273500.0
2015-03-17,41.369999,41.830002,41.150002,41.700001,31673400.0
2015-03-18,41.43,42.830002,41.330002,42.5,44194800.0
2015-03-19,42.259998,42.59,42.220001,42.290001,33879100.0
2015-03-20,42.560001,42.98,42.490002,42.880001,71904500.0
2015-03-23,42.880001,43.130001,42.779999,42.860001,26246100.0
2015-03-24,42.779999,43.169998,42.75,42.900002,25513300.0
2015-03-25,42.919998,42.93,41.439999,41.459999,43469900.0
2015-03-26,41.220001,41.610001,40.919998,41.209999,37495600.0
2015-03-27,41.119999,41.43,40.830002,40.970001,34401400.0
2015-03-30,41.099998,41.540001,40.91,40.959999,35049700.0
2015-03-31,40.779999,41.029999,40.540001,40.66,34887200.0
2015-04-01,40.599998,40.759998,40.310001,40.720001,36865300.0
2015-04-02,40.66,40.740002,40.119999,40.290001,37487500.0
2015-04-06,40.34,41.779999,40.18,41.549999,39223700.0
2015-04-07,41.610001,41.91,41.310001,41.529999,28809400.0
2015-04-08,41.459999,41.689999,41.040001,41.419998,24753400.0
2015-04-09,41.25,41.619999,41.25,41.48,25723900.0
2015-04-10,41.630001,41.950001,41.41,41.720001,28022000.0
2015-04-13,41.400002,42.060001,41.389999,41.759998,30276700.0
2015-04-14,41.799999,42.029999,41.389999,41.650002,24244400.0
2015-04-15,41.759998,42.459999,41.68,42.259998,27343600.0
2015-04-16,41.950001,42.34,41.82,42.16,22509700.0
2015-04-17,41.669998,41.740002,41.16,41.619999,42387600.0
2015-04-20,41.73,43.169998,41.68,42.91,46057700.0
2015-04-21,43.0,43.150002,42.529999,42.639999,26013800.0
2015-04-22,42.669998,43.130001,42.549999,42.990002,25064300.0
2015-04-23,42.889999,43.610001,42.799999,43.34,46309500.0
2015-04-24,45.66,48.139999,45.650002,47.869999,130933700.0
2015-04-27,47.23,48.130001,47.220001,48.029999,59248200.0
2015-04-28,47.779999,49.209999,47.700001,49.16,60730800.0
2015-04-29,48.720001,49.310001,48.5,49.060001,47804600.0
2015-04-30,48.700001,49.540001,48.599998,48.639999,64725500.0
2015-05-01,48.580002,48.880001,48.400002,48.66,38937300.0
2015-05-04,48.369999,48.869999,48.18,48.240002,34039500.0
2015-05-05,47.82,48.16,47.310001,47.599998,50369200.0
2015-05-06,47.57,47.77,46.02,46.279999,52433000.0
2015-05-07,46.27,47.09,46.16,46.700001,32971700.0
2015-05-08,47.549999,47.98,47.52,47.75,35364900.0
2015-05-11,47.549999,47.91,47.369999,47.369999,24609400.0
2015-05-12,46.849998,47.68,46.419998,47.349998,29928300.0
2015-05-13,48.189999,48.32,47.57,47.630001,34184600.0
2015-05-14,48.029999,48.82,48.029999,48.720001,32980900.0
2015-05-15,48.869999,48.91,48.049999,48.299999,28642700.0
2015-05-18,47.98,48.220001,47.610001,48.009998,24136500.0
2015-05-19,47.560001,47.810001,47.18,47.580002,28574800.0
2015-05-20,47.389999,47.93,47.27,47.580002,25047900.0
2015-05-21,47.279999,47.599998,47.009998,47.419998,22410700.0
2015-05-22,47.299999,47.349998,46.82,46.900002,25720600.0
2015-05-26,46.830002,46.880001,46.189999,46.59,29581900.0
2015-05-27,46.82,47.77,46.619999,47.610001,27335600.0
2015-05-28,47.5,48.02,47.389999,47.450001,19283700.0
2015-05-29,47.43,47.57,46.59,46.860001,36519600.0
2015-06-01,47.060001,47.77,46.619999,47.23,28837300.0
2015-06-02,46.93,47.349998,46.619999,46.919998,21498300.0
2015-06-03,47.369999,47.740002,46.82,46.849998,27955200.0
2015-06-04,46.790001,47.16,46.200001,46.360001,27745500.0
2015-06-05,46.310001,46.52,45.84,46.139999,25438100.0
2015-06-08,46.299999,46.43,45.669998,45.73,22121600.0
2015-06-09,45.759998,45.939999,45.459999,45.650002,24406100.0
2015-06-10,45.790001,46.830002,45.689999,46.610001,28417400.0
2015-06-11,46.66,46.919998,46.130001,46.439999,27347800.0
2015-06-12,46.220001,46.470001,45.900002,45.970001,23931000.0
2015-06-15,45.450001,45.650002,45.02,45.48,33254500.0
2015-06-16,45.349998,46.240002,45.299999,45.830002,27070300.0
2015-06-17,45.73,46.07,45.360001,45.970001,28704100.0
2015-06-18,46.220001,46.799999,46.169998,46.720001,32658300.0
2015-06-19,46.790001,46.830002,45.990002,46.099998,63837000.0
2015-06-22,46.330002,46.720001,46.16,46.23,20318100.0
2015-06-23,46.130001,46.279999,45.619999,45.91,25896500.0
2015-06-24,45.669998,46.25,45.549999,45.639999,34890900.0
2015-06-25,46.029999,46.060001,45.5,45.650002,20616000.0
2015-06-26,45.650002,46.279999,45.029999,45.259998,49835300.0
2015-06-29,45.040001,45.23,44.360001,44.369999,34081700.0
2015-06-30,44.709999,44.720001,43.939999,44.150002,35945400.0
2015-07-01,44.459999,45.23,44.099998,44.450001,28343900.0
2015-07-02,44.48,44.75,44.060001,44.400002,21752000.0
2015-07-06,43.959999,44.48,43.950001,44.389999,23034000.0
2015-07-07,44.34,44.490002,43.32,44.299999,36435800.0
2015-07-08,44.439999,44.900002,44.029999,44.240002,39785900.0
2015-07-09,44.75,45.220001,44.5,44.52,32099800.0
2015-07-10,45.009998,45.139999,44.57,44.610001,25465800.0
2015-07-13,44.98,45.619999,44.950001,45.540001,28178300.0
2015-07-14,45.450001,45.959999,45.310001,45.619999,22880300.0
2015-07-15,45.68,45.889999,45.43,45.759998,26629600.0
2015-07-16,46.009998,46.689999,45.970001,46.66,26271700.0
2015-07-17,46.549999,46.779999,46.259998,46.619999,29467100.0
2015-07-20,46.650002,47.130001,46.439999,46.919998,30631900.0
2015-07-21,46.779999,47.330002,46.48,47.279999,42781900.0
2015-07-22,45.439999,46.93,45.200001,45.540001,59152400.0
2015-07-23,45.27,46.23,45.099998,46.110001,33934000.0
2015-07-24,45.91,46.32,45.799999,45.939999,32333200.0
2015-07-27,45.939999,46.009998,45.25,45.349998,39701400.0
2015-07-28,45.580002,45.639999,44.790001,45.34,34328900.0
2015-07-29,45.400002,46.779999,45.259998,46.290001,40945900.0
2015-07-30,46.259998,47.400002,45.93,46.880001,39777900.0
2015-07-31,47.290001,47.369999,46.5,46.700001,31201500.0
2015-08-03,46.98,47.0,46.450001,46.810001,24125900.0
2015-08-04,46.75,47.709999,46.68,47.540001,33403900.0
2015-08-05,47.98,48.41,47.540001,47.580002,26959700.0
2015-08-06,47.709999,47.77,46.330002,46.619999,27368000.0
2015-08-07,46.389999,46.779999,46.259998,46.740002,19163000.0
2015-08-10,46.950001,47.490002,46.84,47.330002,23079900.0
2015-08-11,46.82,46.939999,45.900002,46.41,29237400.0
2015-08-12,46.189999,46.900002,45.709999,46.740002,30181400.0
2015-08-13,47.060001,47.099998,46.490002,46.73,22627200.0
2015-08-14,46.529999,47.099998,46.52,47.0,21473400.0
2015-08-17,46.810001,47.450001,46.57,47.32,21099700.0
2015-08-18,46.84,47.43,46.700001,47.27,23574100.0
2015-08-19,46.779999,47.080002,46.299999,46.610001,31444000.0
2015-08-20,46.07,46.470001,45.66,45.66,36238200.0
2015-08-21,45.299999,45.48,43.07,43.07,70053100.0
2015-08-24,40.450001,42.689999,39.720001,41.68,88753700.0
2015-08-25,42.57,43.240002,40.389999,40.470001,70616600.0
2015-08-26,42.009998,42.84,41.060001,42.709999,63408000.0
2015-08-27,43.23,43.950001,42.93,43.900002,50943200.0
2015-08-28,43.400002,44.150002,43.389999,43.93,28246700.0
2015-08-31,43.560001,43.93,43.099998,43.52,34441700.0
2015-09-01,42.169998,42.59,41.66,41.82,49688900.0
2015-09-02,42.360001,43.380001,41.880001,43.360001,37671500.0
2015-09-03,43.41,43.98,43.279999,43.5,28285200.0
2015-09-04,42.810001,43.040001,42.200001,42.610001,37138800.0
2015-09-08,43.299999,44.0,43.200001,43.889999,32469800.0
2015-09-09,44.209999,44.400002,42.91,43.07,33469500.0
2015-09-10,43.119999,43.790001,42.75,43.290001,31366600.0
2015-09-11,43.139999,43.59,42.939999,43.48,27132500.0
2015-09-14,43.43,43.439999,42.860001,43.040001,23656000.0
2015-09-15,43.189999,44.290001,43.080002,43.98,28882200.0
2015-09-16,43.970001,44.380001,43.84,44.299999,23372200.0
2015-09-17,44.290001,45.0,44.080002,44.25,32768200.0
2015-09-18,43.5,43.990002,43.330002,43.48,63143700.0
2015-09-21,43.619999,44.470001,43.599998,44.110001,26177200.0
2015-09-22,43.380001,44.049999,43.310001,43.900002,28085900.0
2015-09-23,43.93,44.169998,43.509998,43.869999,17145200.0
2015-09-24,43.450001,44.130001,43.27,43.91,27905600.0
2015-09-25,44.48,44.73,43.759998,43.939999,29384600.0
2015-09-28,43.830002,44.09,43.209999,43.290001,27613800.0
2015-09-29,43.369999,43.57,43.049999,43.439999,32763600.0
2015-09-30,43.880001,44.299999,43.66,44.259998,34958900.0
2015-10-01,44.75,44.75,43.75,44.610001,28657900.0
2015-10-02,44.27,45.57,43.919998,45.57,41839000.0
2015-10-05,45.75,46.889999,45.700001,46.630001,34369300.0
2015-10-06,46.330002,47.18,46.220001,46.75,27017200.0
2015-10-07,47.099998,47.349998,45.950001,46.799999,27711500.0
2015-10-08,46.560001,47.52,46.5,47.450001,33772700.0
2015-10-09,47.450001,47.540001,46.919998,47.110001,28600600.0
2015-10-12,46.98,47.07,46.5,47.0,19769100.0
2015-10-13,46.560001,47.130001,46.560001,46.889999,19987800.0
2015-10-14,46.650002,47.099998,46.529999,46.68,24697800.0
2015-10-15,47.009998,47.029999,46.529999,47.009998,27189400.0
2015-10-16,47.02,47.540001,46.900002,47.509998,26450300.0
2015-10-19,47.419998,47.880001,47.02,47.619999,29387600.0
2015-10-20,47.439999,47.810001,47.02,47.77,30574000.0
2015-10-21,47.919998,47.990002,47.110001,47.200001,25144300.0
2015-10-22,47.529999,48.950001,47.09,48.029999,56637100.0
2015-10-23,52.299999,54.07,52.25,52.869999,135227100.0
2015-10-26,52.529999,54.32,52.5,54.25,64633300.0
2015-10-27,53.990002,54.369999,53.580002,53.689999,50999900.0
2015-10-28,53.540001,53.98,52.860001,53.98,47000800.0
2015-10-29,53.540001,53.830002,53.220001,53.360001,30202100.0
2015-10-30,53.32,53.990002,52.619999,52.639999,46619800.0
2015-11-02,52.849998,53.360001,52.619999,53.240002,30285000.0
2015-11-03,52.93,54.389999,52.900002,54.150002,36596900.0
2015-11-04,54.18,54.880001,54.060001,54.400002,37087800.0
2015-11-05,54.490002,54.700001,54.0,54.380001,31468500.0
2015-11-06,54.09,54.98,53.959999,54.919998,32851200.0
2015-11-09,54.549999,54.869999,53.560001,54.16,32513100.0
2015-11-10,54.07,54.130001,53.27,53.509998,55283700.0
2015-11-11,53.700001,54.200001,53.459999,53.650002,36516300.0
2015-11-12,53.48,53.98,53.189999,53.32,35361100.0
2015-11-13,53.07,53.290001,52.529999,52.84,36848200.0
2015-11-16,53.080002,53.889999,52.849998,53.77,32165200.0
2015-11-17,53.169998,53.529999,52.849998,52.970001,31551300.0
2015-11-18,53.0,53.98,52.98,53.849998,29710000.0
2015-11-19,53.990002,54.66,53.779999,53.939999,28149200.0
2015-11-20,54.25,54.299999,53.27,54.189999,37147600.0
2015-11-23,54.25,54.459999,53.75,54.189999,28235900.0
2015-11-24,53.919998,54.439999,53.580002,54.25,24600000.0
2015-11-25,54.09,54.23,53.689999,53.689999,21005100.0
2015-11-27,53.799999,54.080002,53.790001,53.93,9009100.0
2015-11-30,54.540001,54.959999,54.0,54.349998,56241400.0
2015-12-01,54.41,55.23,54.299999,55.220001,39952800.0
2015-12-02,55.32,55.959999,55.060001,55.209999,47274900.0
2015-12-03,55.490002,55.77,53.93,54.200001,38627800.0
2015-12-04,54.119999,56.23,54.099998,55.91,43963700.0
2015-12-07,55.790001,55.970001,55.290001,55.810001,30709800.0
2015-12-08,55.470001,56.099998,54.990002,55.790001,32878000.0
2015-12-09,55.369999,55.869999,54.509998,54.98,36373200.0
2015-12-10,55.389999,55.66,55.009998,55.27,31620700.0
2015-12-11,54.709999,55.099998,54.009998,54.060001,39549500.0
2015-12-14,54.330002,55.209999,53.68,55.139999,46768900.0
2015-12-15,55.66,55.900002,55.09,55.200001,39843000.0
2015-12-16,55.540001,56.25,54.759998,56.130001,37503300.0
2015-12-17,56.360001,56.790001,55.529999,55.700001,41280900.0
2015-12-18,55.77,56.0,54.029999,54.130001,84684200.0
2015-12-21,54.880001,55.349998,54.23,54.830002,37246300.0
2015-12-22,54.990002,55.48,54.5,55.349998,28322200.0
2015-12-23,55.700001,55.880001,55.439999,55.82,27279800.0
2015-12-24,55.860001,55.959999,55.43,55.669998,9558500.0
2015-12-28,55.349998,55.950001,54.98,55.950001,22458300.0
2015-12-29,56.290001,56.849998,56.060001,56.549999,27731400.0
2015-12-30,56.470001,56.779999,56.290001,56.310001,21704500.0
2015-12-31,56.040001,56.189999,55.419998,55.48,26529600.0
2016-01-04,54.32,54.799999,53.389999,54.799999,53778000.0
2016-01-05,54.93,55.389999,54.540001,55.049999,34079700.0
2016-01-06,54.32,54.400002,53.639999,54.049999,39518900.0
2016-01-07,52.700001,53.490002,52.07,52.169998,56564900.0
2016-01-08,52.369999,53.279999,52.150002,52.330002,48754000.0
2016-01-11,52.509998,52.849998,51.459999,52.299999,36943800.0
2016-01-12,52.759998,53.099998,52.060001,52.779999,36095500.0
2016-01-13,53.799999,54.07,51.299999,51.639999,66883600.0
2016-01-14,52.0,53.419998,51.57,53.110001,52381900.0
2016-01-15,51.310001,51.970001,50.34,50.990002,70739100.0
2016-01-19,51.48,51.68,50.060001,50.560001,43564500.0
2016-01-20,49.98,51.380001,49.099998,50.790001,63273000.0
2016-01-21,51.0,51.580002,50.299999,50.48,40191200.0
2016-01-22,51.41,52.330002,51.259998,52.290001,37555800.0
2016-01-25,51.939999,52.650002,51.650002,51.790001,34707700.0
2016-01-26,51.790001,52.439999,51.549999,52.169998,28900800.0
2016-01-27,52.009998,52.200001,51.02,51.220001,36775200.0
2016-01-28,51.860001,52.209999,51.25,52.060001,62513800.0
2016-01-29,54.73,55.09,54.0,55.09,83611700.0
2016-02-01,54.880001,55.09,54.5,54.709999,44208500.0
2016-02-02,54.169998,54.259998,52.650002,53.0,56313800.0
2016-02-03,53.25,53.389999,51.259998,52.16,57559800.0
2016-02-04,52.099998,52.810001,51.369999,52.0,46987100.0
2016-02-05,51.939999,52.0,49.560001,50.16,62009000.0
2016-02-08,49.549999,49.57,48.189999,49.41,59290500.0
2016-02-09,49.02,50.240002,48.669998,49.279999,46740500.0
2016-02-10,49.889999,50.389999,49.52,49.709999,38237000.0
2016-02-11,48.68,50.110001,48.509998,49.689999,48878600.0
2016-02-12,50.25,50.68,49.75,50.5,34243300.0
2016-02-16,50.900002,51.09,50.130001,51.09,37291200.0
2016-02-17,51.490002,52.77,51.450001,52.419998,40789000.0
2016-02-18,52.330002,52.950001,52.099998,52.189999,27176000.0
2016-02-19,51.970001,52.279999,51.529999,51.82,33559100.0
2016-02-22,52.279999,53.0,52.279999,52.650002,25008300.0
2016-02-23,52.34,52.369999,50.98,51.18,28895300.0
2016-02-24,50.689999,51.5,50.200001,51.360001,33014500.0
2016-02-25,51.73,52.099998,50.610001,52.099998,26939500.0
2016-02-26,52.599998,52.68,51.099998,51.299999,35975900.0
2016-02-29,51.349998,51.650002,50.66,50.880001,31654000.0
2016-03-01,50.970001,52.59,50.919998,52.580002,33024500.0
2016-03-02,52.41,52.959999,52.16,52.950001,29289900.0
2016-03-03,52.970001,52.970001,51.779999,52.349998,24427800.0
2016-03-04,52.400002,52.450001,51.709999,52.029999,33034200.0
2016-03-07,51.560001,51.799999,50.580002,51.029999,38407800.0
2016-03-08,50.799999,52.130001,50.599998,51.650002,33835100.0
2016-03-09,51.889999,52.849998,51.860001,52.84,28251600.0
2016-03-10,52.93,52.939999,51.16,52.049999,38387800.0
2016-03-11,53.0,53.07,52.380001,53.07,32275700.0
2016-03-14,52.709999,53.59,52.630001,53.169998,24083600.0
2016-03-15,52.75,53.59,52.740002,53.59,21104800.0
2016-03-16,53.450001,54.599998,53.400002,54.349998,31691700.0
2016-03-17,54.209999,55.0,54.0,54.66,28223900.0
2016-03-18,54.919998,54.970001,53.450001,53.490002,67625500.0
2016-03-21,53.25,53.93,52.93,53.860001,23925700.0
2016-03-22,53.610001,54.25,53.459999,54.07,23124100.0
2016-03-23,54.110001,54.240002,53.740002,53.970001,20129000.0
2016-03-24,53.84,54.330002,53.73,54.209999,19950000.0
2016-03-28,54.209999,54.290001,53.330002,53.540001,17025100.0
2016-03-29,53.66,54.860001,53.450001,54.709999,23924300.0
2016-03-30,54.93,55.639999,54.900002,55.049999,23008300.0
2016-03-31,54.950001,55.59,54.860001,55.23,26360500.0
2016-04-01,55.049999,55.610001,54.57,55.57,24399200.0
2016-04-04,55.43,55.66,55.0,55.43,18928800.0
2016-04-05,55.189999,55.299999,54.459999,54.560001,19272300.0
2016-04-06,54.360001,55.200001,54.209999,55.119999,21188700.0
2016-04-07,54.869999,54.91,54.23,54.459999,19225100.0
2016-04-08,54.669998,55.279999,54.32,54.419998,22167200.0
2016-04-11,54.490002,55.150002,54.299999,54.310001,21414200.0
2016-04-12,54.369999,54.779999,53.759998,54.650002,24944300.0
2016-04-13,55.119999,55.439999,54.889999,55.349998,20818000.0
2016-04-14,55.220001,55.580002,55.07,55.360001,20877100.0
2016-04-15,55.299999,55.919998,55.110001,55.650002,28793800.0
2016-04-18,55.490002,56.59,55.209999,56.459999,23150300.0
2016-04-19,56.630001,56.77,55.68,56.389999,29596800.0
2016-04-20,56.290001,56.5,55.490002,55.59,36195700.0
2016-04-21,55.799999,56.23,55.419998,55.779999,38909100.0
2016-04-22,51.91,52.43,50.77,51.779999,126834100.0
2016-04-25,51.779999,52.130001,51.630001,52.110001,33226900.0
2016-04-26,52.259998,52.349998,51.09,51.439999,33532600.0
2016-04-27,51.48,51.5,50.549999,50.939999,43369300.0
2016-04-28,50.619999,50.77,49.560001,49.900002,43134800.0
2016-04-29,49.349998,50.25,49.349998,49.869999,48411700.0
2016-05-02,50.0,50.75,49.779999,50.610001,33114500.0
2016-05-03,50.34,50.41,49.599998,49.779999,26460200.0
2016-05-04,49.84,50.060001,49.459999,49.869999,24257600.0
2016-05-05,49.869999,50.299999,49.73,49.939999,25390700.0
2016-05-06,49.919998,50.389999,49.66,50.389999,24715600.0
2016-05-09,50.490002,50.59,50.0,50.07,17951600.0
2016-05-10,50.330002,51.099998,50.189999,51.02,22891000.0
2016-05-11,51.130001,51.779999,51.0,51.049999,24039100.0
2016-05-12,51.200001,51.810001,50.919998,51.509998,24102800.0
2016-05-13,51.439999,51.900002,51.040001,51.080002,22592300.0
2016-05-16,50.799999,51.959999,50.75,51.830002,20032000.0
2016-05-17,51.720001,51.73,50.360001,50.509998,27803500.0
2016-05-18,50.48,51.139999,50.299999,50.810001,24907500.0
2016-05-19,50.470001,50.619999,49.82,50.32,23842400.0
2016-05-20,50.48,51.220001,50.400002,50.619999,23905800.0
2016-05-23,50.599998,50.68,49.98,50.029999,26118700.0
2016-05-24,50.700001,51.709999,50.400002,51.59,34757900.0
2016-05-25,51.919998,52.490002,51.790001,52.119999,24040200.0
2016-05-26,51.93,51.98,51.360001,51.889999,24335200.0
2016-05-27,51.919998,52.32,51.77,52.32,17653700.0
2016-05-31,52.259998,53.0,52.080002,53.0,37653100.0
2016-06-01,52.439999,52.950001,52.439999,52.849998,25324800.0
2016-06-02,52.639999,52.740002,51.84,52.48,22840800.0
2016-06-03,52.380001,52.419998,51.599998,51.790001,23081300.0
2016-06-06,51.990002,52.349998,51.889999,52.130001,18243300.0
2016-06-07,52.240002,52.73,52.099998,52.099998,20866800.0
2016-06-08,52.02,52.439999,51.869999,52.040001,21149400.0
2016-06-09,52.0,52.0,51.490002,51.619999,20305700.0
2016-06-10,51.049999,52.049999,51.040001,51.48,25833200.0
2016-06-13,49.580002,50.720001,49.060001,50.139999,83217800.0
2016-06-14,49.900002,50.099998,49.57,49.830002,42577100.0
2016-06-15,49.779999,50.119999,49.689999,49.689999,33757600.0
2016-06-16,49.52,50.470001,49.509998,50.389999,31188600.0
2016-06-17,50.41,50.43,49.82,50.130001,45710500.0
2016-06-20,50.639999,50.830002,50.029999,50.07,35607900.0
2016-06-21,50.200001,51.43,50.16,51.189999,34097800.0
2016-06-22,51.080002,51.459999,50.950001,50.990002,28816800.0
2016-06-23,51.279999,52.060001,51.150002,51.91,29028800.0
2016-06-24,49.810001,50.939999,49.52,49.830002,133503000.0
2016-06-27,49.099998,49.150002,48.040001,48.43,50216300.0
2016-06-28,48.919998,49.470001,48.669998,49.439999,38140700.0
2016-06-29,49.91,50.720001,49.799999,50.540001,31304000.0
2016-06-30,50.720001,51.299999,50.5,51.169998,28527800.0
2016-07-01,51.130001,51.720001,51.07,51.16,21400400.0
2016-07-05,50.830002,51.279999,50.740002,51.169998,24806400.0
2016-07-06,50.779999,51.540001,50.389999,51.380001,28167500.0
2016-07-07,51.419998,51.610001,51.07,51.380001,19585200.0
2016-07-08,51.73,52.360001,51.549999,52.299999,28391000.0
2016-07-11,52.5,52.830002,52.470001,52.59,22269200.0
2016-07-12,52.939999,53.400002,52.790001,53.209999,27317600.0
2016-07-13,53.560001,53.860001,53.18,53.509998,25356800.0
2016-07-14,53.84,53.990002,53.580002,53.740002,24545500.0
2016-07-15,53.950001,54.0,53.209999,53.700001,32024400.0
2016-07-18,53.700001,54.34,53.549999,53.959999,31433900.0
2016-07-19,53.709999,53.900002,52.93,53.09,53336500.0
2016-07-20,56.150002,56.84,55.529999,55.91,89893300.0
2016-07-21,55.98,56.23,55.759998,55.799999,32776700.0
2016-07-22,56.080002,56.630001,55.779999,56.57,32157200.0
2016-07-25,56.470001,56.740002,56.259998,56.73,25610600.0
2016-07-26,56.52,57.290001,56.509998,56.759998,28079000.0
2016-07-27,56.610001,56.799999,56.110001,56.189999,32327500.0
2016-07-28,56.0,56.369999,55.720001,56.209999,37550400.0
2016-07-29,56.259998,56.759998,56.049999,56.68,30558700.0
2016-08-01,56.599998,56.75,56.139999,56.580002,26003400.0
2016-08-02,56.849998,56.900002,56.310001,56.580002,35122000.0
2016-08-03,56.68,57.110001,56.490002,56.970001,22075600.0
2016-08-04,56.799999,57.52,56.669998,57.389999,26587700.0
2016-08-05,57.650002,58.209999,57.450001,57.959999,29335200.0
2016-08-08,58.060001,58.09,57.779999,58.060001,19473500.0
2016-08-09,58.169998,58.5,58.02,58.200001,16920700.0
2016-08-10,58.16,58.32,57.82,58.02,15756900.0
2016-08-11,58.029999,58.450001,58.029999,58.299999,18162300.0
2016-08-12,58.029999,58.189999,57.619999,57.939999,21655200.0
2016-08-15,58.009998,58.5,57.959999,58.119999,19283900.0
2016-08-16,57.610001,57.619999,57.27,57.439999,20523500.0
2016-08-17,57.540001,57.68,57.23,57.560001,18856400.0
2016-08-18,57.419998,57.700001,57.27,57.599998,14214300.0
2016-08-19,57.43,57.73,57.200001,57.619999,17271000.0
2016-08-22,57.599998,57.75,57.259998,57.669998,15221900.0
2016-08-23,57.900002,58.18,57.849998,57.889999,18732400.0
2016-08-24,57.799999,58.040001,57.720001,57.950001,18151500.0
2016-08-25,57.880001,58.290001,57.779999,58.169998,18552600.0
2016-08-26,58.279999,58.700001,57.689999,58.029999,20971200.0
2016-08-29,58.18,58.599998,58.099998,58.099998,16417200.0
2016-08-30,57.98,58.189999,57.610001,57.889999,16930200.0
2016-08-31,57.650002,57.799999,57.299999,57.459999,20860300.0
2016-09-01,57.009998,57.82,57.009998,57.59,26075400.0
2016-09-02,57.669998,58.189999,57.419998,57.669998,18900500.0
2016-09-06,57.779999,57.799999,57.209999,57.610001,16278400.0
2016-09-07,57.470001,57.84,57.41,57.66,17493400.0
2016-09-08,57.630001,57.790001,57.18,57.43,20146100.0
2016-09-09,56.790001,57.52,56.209999,56.209999,35113900.0
2016-09-12,56.0,57.209999,55.610001,57.049999,29303000.0
2016-09-13,56.5,56.650002,56.049999,56.529999,30130200.0
2016-09-14,56.389999,56.630001,56.029999,56.259998,24062500.0
2016-09-15,56.150002,57.349998,55.98,57.189999,26847000.0
2016-09-16,57.630001,57.630001,56.75,57.25,44607000.0
2016-09-19,57.27,57.75,56.849998,56.93,20937100.0
2016-09-20,57.349998,57.349998,56.75,56.810001,17384000.0
2016-09-21,57.509998,57.849998,57.080002,57.759998,33707300.0
2016-09-22,57.919998,58.0,57.630001,57.82,19822200.0
2016-09-23,57.869999,57.91,57.380001,57.43,19955300.0
2016-09-26,57.080002,57.139999,56.830002,56.900002,21688700.0
2016-09-27,56.93,58.060001,56.68,57.950001,28065100.0
2016-09-28,57.880001,58.060001,57.669998,58.029999,20536400.0
2016-09-29,57.810001,58.169998,57.209999,57.400002,25463500.0
2016-09-30,57.57,57.77,57.34,57.599998,29910800.0
2016-10-03,57.41,57.549999,57.060001,57.419998,19189500.0
2016-10-04,57.27,57.599998,56.970001,57.240002,20085900.0
2016-10-05,57.290001,57.959999,57.259998,57.639999,16726400.0
2016-10-06,57.740002,57.860001,57.279999,57.740002,16212600.0
2016-10-07,57.849998,57.98,57.419998,57.799999,20089000.0
2016-10-10,57.91,58.389999,57.869999,58.040001,18196500.0
2016-10-11,57.889999,58.02,56.889999,57.189999,26497400.0
2016-10-12,57.110001,57.27,56.400002,57.110001,22177500.0
2016-10-13,56.700001,57.299999,56.32,56.919998,25313700.0
2016-10-14,57.119999,57.740002,57.119999,57.419998,27402500.0
2016-10-17,57.360001,57.459999,56.869999,57.220001,23830000.0
2016-10-18,57.529999,57.950001,57.41,57.66,19149500.0
2016-10-19,57.470001,57.84,57.400002,57.529999,22878400.0
2016-10-20,57.5,57.52,56.66,57.25,49455600.0
2016-10-21,60.279999,60.450001,59.490002,59.66,80032200.0
2016-10-24,59.939999,61.0,59.93,61.0,54067000.0
2016-10-25,60.849998,61.369999,60.799999,60.990002,35137200.0
2016-10-26,60.810001,61.200001,60.470001,60.630001,29911600.0
2016-10-27,60.610001,60.830002,60.09,60.099998,28479900.0
2016-10-28,60.009998,60.52,59.580002,59.869999,33574700.0
2016-10-31,60.16,60.419998,59.919998,59.919998,26434700.0
2016-11-01,59.970001,60.02,59.25,59.799999,24533000.0
